network_time [UTC],process_time [UTC],DeviceName,ActionType,LocalIP,RemoteIP,FileName,AccountName,InitiatingProcessFileName,ProcessCommandLine
"4/4/2025, 4:42:45.255 PM","4/4/2025, 4:41:34.724 PM",felix-win10,ConnectionFailed,10.0.0.121,REDACTED IP,powershell.exe,system,powershell.exe,powershell.exe  -ExecutionPolicy Bypass -File C:\programdata\portscan.ps1
"4/4/2025, 4:42:45.255 PM","4/4/2025, 4:41:19.528 PM",felix-win10,ConnectionFailed,10.0.0.121,REDACTED IP,cmd.exe,system,powershell.exe,"""cmd"" /Cpowershell -ExecutionPolicy Unrestricted -File script19.ps1"
"4/4/2025, 4:42:45.255 PM","4/4/2025, 4:41:34.697 PM",felix-win10,ConnectionFailed,10.0.0.121,REDACTED IP,cmd.exe,system,powershell.exe,"""cmd.exe"" /c powershell.exe -ExecutionPolicy Bypass -File C:\programdata\portscan.ps1"
"4/4/2025, 4:42:45.255 PM","4/4/2025, 4:41:19.896 PM",felix-win10,ConnectionFailed,10.0.0.121,REDACTED IP,powershell.exe,system,powershell.exe,powershell  -ExecutionPolicy Unrestricted -File script19.ps1
"4/4/2025, 4:42:45.255 PM","4/4/2025, 4:41:24.596 PM",felix-win10,ConnectionFailed,10.0.0.121,REDACTED IP,cmd.exe,system,powershell.exe,"""cmd.exe"" /c powershell.exe -ExecutionPolicy Bypass -Command Invoke-WebRequest -Uri https://raw.githubusercontent.com/joshmadakor1/lognpacific-public/refs/heads/main/cyber-range/entropy-gorilla/portscan.ps1 -OutFile C:\programdata\portscan.ps1"
"4/4/2025, 4:42:45.255 PM","4/4/2025, 4:41:25.833 PM",felix-win10,ConnectionFailed,10.0.0.121,REDACTED IP,powershell.exe,system,powershell.exe,powershell.exe  -ExecutionPolicy Bypass -Command Invoke-WebRequest -Uri https://raw.githubusercontent.com/joshmadakor1/lognpacific-public/refs/heads/main/cyber-range/entropy-gorilla/portscan.ps1 -OutFile C:\programdata\portscan.ps1
"4/4/2025, 4:42:42.795 PM","4/4/2025, 4:41:24.596 PM",felix-win10,ConnectionFailed,10.0.0.121,REDACTED IP,cmd.exe,system,powershell.exe,"""cmd.exe"" /c powershell.exe -ExecutionPolicy Bypass -Command Invoke-WebRequest -Uri https://raw.githubusercontent.com/joshmadakor1/lognpacific-public/refs/heads/main/cyber-range/entropy-gorilla/portscan.ps1 -OutFile C:\programdata\portscan.ps1"
"4/4/2025, 4:42:42.795 PM","4/4/2025, 4:41:34.724 PM",felix-win10,ConnectionFailed,10.0.0.121,REDACTED IP,powershell.exe,system,powershell.exe,powershell.exe  -ExecutionPolicy Bypass -File C:\programdata\portscan.ps1
"4/4/2025, 4:42:42.795 PM","4/4/2025, 4:41:34.697 PM",felix-win10,ConnectionFailed,10.0.0.121,REDACTED IP,cmd.exe,system,powershell.exe,"""cmd.exe"" /c powershell.exe -ExecutionPolicy Bypass -File C:\programdata\portscan.ps1"
"4/4/2025, 4:42:42.795 PM","4/4/2025, 4:41:19.896 PM",felix-win10,ConnectionFailed,10.0.0.121,REDACTED IP,powershell.exe,system,powershell.exe,powershell  -ExecutionPolicy Unrestricted -File script19.ps1
"4/4/2025, 4:42:42.795 PM","4/4/2025, 4:41:19.528 PM",felix-win10,ConnectionFailed,10.0.0.121,REDACTED IP,cmd.exe,system,powershell.exe,"""cmd"" /Cpowershell -ExecutionPolicy Unrestricted -File script19.ps1"
"4/4/2025, 4:42:42.795 PM","4/4/2025, 4:41:25.833 PM",felix-win10,ConnectionFailed,10.0.0.121,REDACTED IP,powershell.exe,system,powershell.exe,powershell.exe  -ExecutionPolicy Bypass -Command Invoke-WebRequest -Uri https://raw.githubusercontent.com/joshmadakor1/lognpacific-public/refs/heads/main/cyber-range/entropy-gorilla/portscan.ps1 -OutFile C:\programdata\portscan.ps1
"4/4/2025, 4:42:40.423 PM","4/4/2025, 4:41:24.596 PM",felix-win10,ConnectionFailed,10.0.0.121,REDACTED IP,cmd.exe,system,powershell.exe,"""cmd.exe"" /c powershell.exe -ExecutionPolicy Bypass -Command Invoke-WebRequest -Uri https://raw.githubusercontent.com/joshmadakor1/lognpacific-public/refs/heads/main/cyber-range/entropy-gorilla/portscan.ps1 -OutFile C:\programdata\portscan.ps1"
"4/4/2025, 4:42:40.423 PM","4/4/2025, 4:41:19.528 PM",felix-win10,ConnectionFailed,10.0.0.121,REDACTED IP,cmd.exe,system,powershell.exe,"""cmd"" /Cpowershell -ExecutionPolicy Unrestricted -File script19.ps1"
"4/4/2025, 4:42:40.423 PM","4/4/2025, 4:41:34.724 PM",felix-win10,ConnectionFailed,10.0.0.121,REDACTED IP,powershell.exe,system,powershell.exe,powershell.exe  -ExecutionPolicy Bypass -File C:\programdata\portscan.ps1
"4/4/2025, 4:42:40.423 PM","4/4/2025, 4:41:34.697 PM",felix-win10,ConnectionFailed,10.0.0.121,REDACTED IP,cmd.exe,system,powershell.exe,"""cmd.exe"" /c powershell.exe -ExecutionPolicy Bypass -File C:\programdata\portscan.ps1"
"4/4/2025, 4:42:40.423 PM","4/4/2025, 4:41:19.896 PM",felix-win10,ConnectionFailed,10.0.0.121,REDACTED IP,powershell.exe,system,powershell.exe,powershell  -ExecutionPolicy Unrestricted -File script19.ps1
"4/4/2025, 4:42:40.423 PM","4/4/2025, 4:41:25.833 PM",felix-win10,ConnectionFailed,10.0.0.121,REDACTED IP,powershell.exe,system,powershell.exe,powershell.exe  -ExecutionPolicy Bypass -Command Invoke-WebRequest -Uri https://raw.githubusercontent.com/joshmadakor1/lognpacific-public/refs/heads/main/cyber-range/entropy-gorilla/portscan.ps1 -OutFile C:\programdata\portscan.ps1
"4/4/2025, 4:42:38.189 PM","4/4/2025, 4:41:24.596 PM",felix-win10,ConnectionFailed,10.0.0.121,REDACTED IP,cmd.exe,system,powershell.exe,"""cmd.exe"" /c powershell.exe -ExecutionPolicy Bypass -Command Invoke-WebRequest -Uri https://raw.githubusercontent.com/joshmadakor1/lognpacific-public/refs/heads/main/cyber-range/entropy-gorilla/portscan.ps1 -OutFile C:\programdata\portscan.ps1"
"4/4/2025, 4:42:38.189 PM","4/4/2025, 4:41:19.896 PM",felix-win10,ConnectionFailed,10.0.0.121,REDACTED IP,powershell.exe,system,powershell.exe,powershell  -ExecutionPolicy Unrestricted -File script19.ps1
"4/4/2025, 4:42:38.189 PM","4/4/2025, 4:41:34.724 PM",felix-win10,ConnectionFailed,10.0.0.121,REDACTED IP,powershell.exe,system,powershell.exe,powershell.exe  -ExecutionPolicy Bypass -File C:\programdata\portscan.ps1
"4/4/2025, 4:42:38.189 PM","4/4/2025, 4:41:34.697 PM",felix-win10,ConnectionFailed,10.0.0.121,REDACTED IP,cmd.exe,system,powershell.exe,"""cmd.exe"" /c powershell.exe -ExecutionPolicy Bypass -File C:\programdata\portscan.ps1"
"4/4/2025, 4:42:38.189 PM","4/4/2025, 4:41:25.833 PM",felix-win10,ConnectionFailed,10.0.0.121,REDACTED IP,powershell.exe,system,powershell.exe,powershell.exe  -ExecutionPolicy Bypass -Command Invoke-WebRequest -Uri https://raw.githubusercontent.com/joshmadakor1/lognpacific-public/refs/heads/main/cyber-range/entropy-gorilla/portscan.ps1 -OutFile C:\programdata\portscan.ps1
"4/4/2025, 4:42:38.189 PM","4/4/2025, 4:41:19.528 PM",felix-win10,ConnectionFailed,10.0.0.121,REDACTED IP,cmd.exe,system,powershell.exe,"""cmd"" /Cpowershell -ExecutionPolicy Unrestricted -File script19.ps1"
"4/4/2025, 4:42:35.913 PM","4/4/2025, 4:41:24.596 PM",felix-win10,ConnectionFailed,10.0.0.121,REDACTED IP,cmd.exe,system,powershell.exe,"""cmd.exe"" /c powershell.exe -ExecutionPolicy Bypass -Command Invoke-WebRequest -Uri https://raw.githubusercontent.com/joshmadakor1/lognpacific-public/refs/heads/main/cyber-range/entropy-gorilla/portscan.ps1 -OutFile C:\programdata\portscan.ps1"
"4/4/2025, 4:42:35.913 PM","4/4/2025, 4:41:19.528 PM",felix-win10,ConnectionFailed,10.0.0.121,REDACTED IP,cmd.exe,system,powershell.exe,"""cmd"" /Cpowershell -ExecutionPolicy Unrestricted -File script19.ps1"
"4/4/2025, 4:42:35.913 PM","4/4/2025, 4:41:19.896 PM",felix-win10,ConnectionFailed,10.0.0.121,REDACTED IP,powershell.exe,system,powershell.exe,powershell  -ExecutionPolicy Unrestricted -File script19.ps1
"4/4/2025, 4:42:35.913 PM","4/4/2025, 4:41:34.697 PM",felix-win10,ConnectionFailed,10.0.0.121,REDACTED IP,cmd.exe,system,powershell.exe,"""cmd.exe"" /c powershell.exe -ExecutionPolicy Bypass -File C:\programdata\portscan.ps1"
"4/4/2025, 4:42:35.913 PM","4/4/2025, 4:41:25.833 PM",felix-win10,ConnectionFailed,10.0.0.121,REDACTED IP,powershell.exe,system,powershell.exe,powershell.exe  -ExecutionPolicy Bypass -Command Invoke-WebRequest -Uri https://raw.githubusercontent.com/joshmadakor1/lognpacific-public/refs/heads/main/cyber-range/entropy-gorilla/portscan.ps1 -OutFile C:\programdata\portscan.ps1
"4/4/2025, 4:42:35.913 PM","4/4/2025, 4:41:34.724 PM",felix-win10,ConnectionFailed,10.0.0.121,REDACTED IP,powershell.exe,system,powershell.exe,powershell.exe  -ExecutionPolicy Bypass -File C:\programdata\portscan.ps1
"4/4/2025, 4:42:33.507 PM","4/4/2025, 4:41:19.528 PM",felix-win10,ConnectionFailed,10.0.0.121,REDACTED IP,cmd.exe,system,powershell.exe,"""cmd"" /Cpowershell -ExecutionPolicy Unrestricted -File script19.ps1"
"4/4/2025, 4:42:33.507 PM","4/4/2025, 4:41:24.596 PM",felix-win10,ConnectionFailed,10.0.0.121,REDACTED IP,cmd.exe,system,powershell.exe,"""cmd.exe"" /c powershell.exe -ExecutionPolicy Bypass -Command Invoke-WebRequest -Uri https://raw.githubusercontent.com/joshmadakor1/lognpacific-public/refs/heads/main/cyber-range/entropy-gorilla/portscan.ps1 -OutFile C:\programdata\portscan.ps1"
"4/4/2025, 4:42:33.507 PM","4/4/2025, 4:41:19.896 PM",felix-win10,ConnectionFailed,10.0.0.121,REDACTED IP,powershell.exe,system,powershell.exe,powershell  -ExecutionPolicy Unrestricted -File script19.ps1
"4/4/2025, 4:42:33.507 PM","4/4/2025, 4:41:34.724 PM",felix-win10,ConnectionFailed,10.0.0.121,REDACTED IP,powershell.exe,system,powershell.exe,powershell.exe  -ExecutionPolicy Bypass -File C:\programdata\portscan.ps1
"4/4/2025, 4:42:33.507 PM","4/4/2025, 4:41:34.697 PM",felix-win10,ConnectionFailed,10.0.0.121,REDACTED IP,cmd.exe,system,powershell.exe,"""cmd.exe"" /c powershell.exe -ExecutionPolicy Bypass -File C:\programdata\portscan.ps1"
"4/4/2025, 4:42:33.507 PM","4/4/2025, 4:41:25.833 PM",felix-win10,ConnectionFailed,10.0.0.121,REDACTED IP,powershell.exe,system,powershell.exe,powershell.exe  -ExecutionPolicy Bypass -Command Invoke-WebRequest -Uri https://raw.githubusercontent.com/joshmadakor1/lognpacific-public/refs/heads/main/cyber-range/entropy-gorilla/portscan.ps1 -OutFile C:\programdata\portscan.ps1
"4/4/2025, 4:42:31.363 PM","4/4/2025, 4:41:24.596 PM",felix-win10,ConnectionFailed,10.0.0.121,REDACTED IP,cmd.exe,system,powershell.exe,"""cmd.exe"" /c powershell.exe -ExecutionPolicy Bypass -Command Invoke-WebRequest -Uri https://raw.githubusercontent.com/joshmadakor1/lognpacific-public/refs/heads/main/cyber-range/entropy-gorilla/portscan.ps1 -OutFile C:\programdata\portscan.ps1"
"4/4/2025, 4:42:31.363 PM","4/4/2025, 4:41:34.697 PM",felix-win10,ConnectionFailed,10.0.0.121,REDACTED IP,cmd.exe,system,powershell.exe,"""cmd.exe"" /c powershell.exe -ExecutionPolicy Bypass -File C:\programdata\portscan.ps1"
"4/4/2025, 4:42:31.363 PM","4/4/2025, 4:41:19.896 PM",felix-win10,ConnectionFailed,10.0.0.121,REDACTED IP,powershell.exe,system,powershell.exe,powershell  -ExecutionPolicy Unrestricted -File script19.ps1
"4/4/2025, 4:42:31.363 PM","4/4/2025, 4:41:19.528 PM",felix-win10,ConnectionFailed,10.0.0.121,REDACTED IP,cmd.exe,system,powershell.exe,"""cmd"" /Cpowershell -ExecutionPolicy Unrestricted -File script19.ps1"
"4/4/2025, 4:42:31.363 PM","4/4/2025, 4:41:25.833 PM",felix-win10,ConnectionFailed,10.0.0.121,REDACTED IP,powershell.exe,system,powershell.exe,powershell.exe  -ExecutionPolicy Bypass -Command Invoke-WebRequest -Uri https://raw.githubusercontent.com/joshmadakor1/lognpacific-public/refs/heads/main/cyber-range/entropy-gorilla/portscan.ps1 -OutFile C:\programdata\portscan.ps1
"4/4/2025, 4:42:31.363 PM","4/4/2025, 4:41:34.724 PM",felix-win10,ConnectionFailed,10.0.0.121,REDACTED IP,powershell.exe,system,powershell.exe,powershell.exe  -ExecutionPolicy Bypass -File C:\programdata\portscan.ps1
"4/4/2025, 4:42:29.226 PM","4/4/2025, 4:41:24.596 PM",felix-win10,ConnectionFailed,10.0.0.121,REDACTED IP,cmd.exe,system,powershell.exe,"""cmd.exe"" /c powershell.exe -ExecutionPolicy Bypass -Command Invoke-WebRequest -Uri https://raw.githubusercontent.com/joshmadakor1/lognpacific-public/refs/heads/main/cyber-range/entropy-gorilla/portscan.ps1 -OutFile C:\programdata\portscan.ps1"
"4/4/2025, 4:42:29.226 PM","4/4/2025, 4:41:25.833 PM",felix-win10,ConnectionFailed,10.0.0.121,REDACTED IP,powershell.exe,system,powershell.exe,powershell.exe  -ExecutionPolicy Bypass -Command Invoke-WebRequest -Uri https://raw.githubusercontent.com/joshmadakor1/lognpacific-public/refs/heads/main/cyber-range/entropy-gorilla/portscan.ps1 -OutFile C:\programdata\portscan.ps1
"4/4/2025, 4:42:29.226 PM","4/4/2025, 4:41:34.697 PM",felix-win10,ConnectionFailed,10.0.0.121,REDACTED IP,cmd.exe,system,powershell.exe,"""cmd.exe"" /c powershell.exe -ExecutionPolicy Bypass -File C:\programdata\portscan.ps1"
"4/4/2025, 4:42:29.226 PM","4/4/2025, 4:41:34.724 PM",felix-win10,ConnectionFailed,10.0.0.121,REDACTED IP,powershell.exe,system,powershell.exe,powershell.exe  -ExecutionPolicy Bypass -File C:\programdata\portscan.ps1
"4/4/2025, 4:42:29.226 PM","4/4/2025, 4:41:19.528 PM",felix-win10,ConnectionFailed,10.0.0.121,REDACTED IP,cmd.exe,system,powershell.exe,"""cmd"" /Cpowershell -ExecutionPolicy Unrestricted -File script19.ps1"
"4/4/2025, 4:42:29.226 PM","4/4/2025, 4:41:19.896 PM",felix-win10,ConnectionFailed,10.0.0.121,REDACTED IP,powershell.exe,system,powershell.exe,powershell  -ExecutionPolicy Unrestricted -File script19.ps1
"4/4/2025, 4:40:56.707 AM","4/4/2025, 4:39:05.412 AM",felix-win10,ConnectionFailed,10.0.0.121,REDACTED IP,cmd.exe,system,powershell.exe,"""cmd.exe"" /c powershell.exe -ExecutionPolicy Bypass -Command Invoke-WebRequest -Uri https://raw.githubusercontent.com/joshmadakor1/lognpacific-public/refs/heads/main/cyber-range/entropy-gorilla/portscan.ps1 -OutFile C:\programdata\portscan.ps1"
"4/4/2025, 4:40:56.707 AM","4/4/2025, 4:39:05.439 AM",felix-win10,ConnectionFailed,10.0.0.121,REDACTED IP,powershell.exe,system,powershell.exe,powershell.exe  -ExecutionPolicy Bypass -Command Invoke-WebRequest -Uri https://raw.githubusercontent.com/joshmadakor1/lognpacific-public/refs/heads/main/cyber-range/entropy-gorilla/portscan.ps1 -OutFile C:\programdata\portscan.ps1
"4/4/2025, 4:40:56.707 AM","4/4/2025, 4:39:17.509 AM",felix-win10,ConnectionFailed,10.0.0.121,REDACTED IP,cmd.exe,system,powershell.exe,"""cmd.exe"" /c powershell.exe -ExecutionPolicy Bypass -File C:\programdata\portscan.ps1"
"4/4/2025, 4:40:56.707 AM","4/4/2025, 4:39:17.651 AM",felix-win10,ConnectionFailed,10.0.0.121,REDACTED IP,powershell.exe,system,powershell.exe,powershell.exe  -ExecutionPolicy Bypass -File C:\programdata\portscan.ps1
"4/4/2025, 4:40:54.565 AM","4/4/2025, 4:39:17.509 AM",felix-win10,ConnectionFailed,10.0.0.121,REDACTED IP,cmd.exe,system,powershell.exe,"""cmd.exe"" /c powershell.exe -ExecutionPolicy Bypass -File C:\programdata\portscan.ps1"
"4/4/2025, 4:40:54.565 AM","4/4/2025, 4:39:05.412 AM",felix-win10,ConnectionFailed,10.0.0.121,REDACTED IP,cmd.exe,system,powershell.exe,"""cmd.exe"" /c powershell.exe -ExecutionPolicy Bypass -Command Invoke-WebRequest -Uri https://raw.githubusercontent.com/joshmadakor1/lognpacific-public/refs/heads/main/cyber-range/entropy-gorilla/portscan.ps1 -OutFile C:\programdata\portscan.ps1"
"4/4/2025, 4:40:54.565 AM","4/4/2025, 4:39:17.651 AM",felix-win10,ConnectionFailed,10.0.0.121,REDACTED IP,powershell.exe,system,powershell.exe,powershell.exe  -ExecutionPolicy Bypass -File C:\programdata\portscan.ps1
"4/4/2025, 4:40:54.565 AM","4/4/2025, 4:39:05.439 AM",felix-win10,ConnectionFailed,10.0.0.121,REDACTED IP,powershell.exe,system,powershell.exe,powershell.exe  -ExecutionPolicy Bypass -Command Invoke-WebRequest -Uri https://raw.githubusercontent.com/joshmadakor1/lognpacific-public/refs/heads/main/cyber-range/entropy-gorilla/portscan.ps1 -OutFile C:\programdata\portscan.ps1
"4/4/2025, 4:40:52.404 AM","4/4/2025, 4:39:17.509 AM",felix-win10,ConnectionFailed,10.0.0.121,REDACTED IP,cmd.exe,system,powershell.exe,"""cmd.exe"" /c powershell.exe -ExecutionPolicy Bypass -File C:\programdata\portscan.ps1"
"4/4/2025, 4:40:52.404 AM","4/4/2025, 4:39:05.439 AM",felix-win10,ConnectionFailed,10.0.0.121,REDACTED IP,powershell.exe,system,powershell.exe,powershell.exe  -ExecutionPolicy Bypass -Command Invoke-WebRequest -Uri https://raw.githubusercontent.com/joshmadakor1/lognpacific-public/refs/heads/main/cyber-range/entropy-gorilla/portscan.ps1 -OutFile C:\programdata\portscan.ps1
"4/4/2025, 4:40:52.404 AM","4/4/2025, 4:39:05.412 AM",felix-win10,ConnectionFailed,10.0.0.121,REDACTED IP,cmd.exe,system,powershell.exe,"""cmd.exe"" /c powershell.exe -ExecutionPolicy Bypass -Command Invoke-WebRequest -Uri https://raw.githubusercontent.com/joshmadakor1/lognpacific-public/refs/heads/main/cyber-range/entropy-gorilla/portscan.ps1 -OutFile C:\programdata\portscan.ps1"
"4/4/2025, 4:40:52.404 AM","4/4/2025, 4:39:17.651 AM",felix-win10,ConnectionFailed,10.0.0.121,REDACTED IP,powershell.exe,system,powershell.exe,powershell.exe  -ExecutionPolicy Bypass -File C:\programdata\portscan.ps1
"4/4/2025, 4:40:31.274 AM","4/4/2025, 4:39:05.412 AM",felix-win10,ConnectionFailed,10.0.0.121,REDACTED IP,cmd.exe,system,powershell.exe,"""cmd.exe"" /c powershell.exe -ExecutionPolicy Bypass -Command Invoke-WebRequest -Uri https://raw.githubusercontent.com/joshmadakor1/lognpacific-public/refs/heads/main/cyber-range/entropy-gorilla/portscan.ps1 -OutFile C:\programdata\portscan.ps1"
"4/4/2025, 4:40:31.274 AM","4/4/2025, 4:39:17.509 AM",felix-win10,ConnectionFailed,10.0.0.121,REDACTED IP,cmd.exe,system,powershell.exe,"""cmd.exe"" /c powershell.exe -ExecutionPolicy Bypass -File C:\programdata\portscan.ps1"
"4/4/2025, 4:40:31.274 AM","4/4/2025, 4:39:05.439 AM",felix-win10,ConnectionFailed,10.0.0.121,REDACTED IP,powershell.exe,system,powershell.exe,powershell.exe  -ExecutionPolicy Bypass -Command Invoke-WebRequest -Uri https://raw.githubusercontent.com/joshmadakor1/lognpacific-public/refs/heads/main/cyber-range/entropy-gorilla/portscan.ps1 -OutFile C:\programdata\portscan.ps1
"4/4/2025, 4:40:31.274 AM","4/4/2025, 4:39:17.651 AM",felix-win10,ConnectionFailed,10.0.0.121,REDACTED IP,powershell.exe,system,powershell.exe,powershell.exe  -ExecutionPolicy Bypass -File C:\programdata\portscan.ps1
"4/4/2025, 4:40:29.105 AM","4/4/2025, 4:39:05.439 AM",felix-win10,ConnectionFailed,10.0.0.121,REDACTED IP,powershell.exe,system,powershell.exe,powershell.exe  -ExecutionPolicy Bypass -Command Invoke-WebRequest -Uri https://raw.githubusercontent.com/joshmadakor1/lognpacific-public/refs/heads/main/cyber-range/entropy-gorilla/portscan.ps1 -OutFile C:\programdata\portscan.ps1
"4/4/2025, 4:40:29.105 AM","4/4/2025, 4:39:17.509 AM",felix-win10,ConnectionFailed,10.0.0.121,REDACTED IP,cmd.exe,system,powershell.exe,"""cmd.exe"" /c powershell.exe -ExecutionPolicy Bypass -File C:\programdata\portscan.ps1"
"4/4/2025, 4:40:29.105 AM","4/4/2025, 4:39:17.651 AM",felix-win10,ConnectionFailed,10.0.0.121,REDACTED IP,powershell.exe,system,powershell.exe,powershell.exe  -ExecutionPolicy Bypass -File C:\programdata\portscan.ps1
"4/4/2025, 4:40:29.105 AM","4/4/2025, 4:39:05.412 AM",felix-win10,ConnectionFailed,10.0.0.121,REDACTED IP,cmd.exe,system,powershell.exe,"""cmd.exe"" /c powershell.exe -ExecutionPolicy Bypass -Command Invoke-WebRequest -Uri https://raw.githubusercontent.com/joshmadakor1/lognpacific-public/refs/heads/main/cyber-range/entropy-gorilla/portscan.ps1 -OutFile C:\programdata\portscan.ps1"
"4/4/2025, 4:40:26.916 AM","4/4/2025, 4:39:05.439 AM",felix-win10,ConnectionFailed,10.0.0.121,REDACTED IP,powershell.exe,system,powershell.exe,powershell.exe  -ExecutionPolicy Bypass -Command Invoke-WebRequest -Uri https://raw.githubusercontent.com/joshmadakor1/lognpacific-public/refs/heads/main/cyber-range/entropy-gorilla/portscan.ps1 -OutFile C:\programdata\portscan.ps1
"4/4/2025, 4:40:26.916 AM","4/4/2025, 4:39:17.651 AM",felix-win10,ConnectionFailed,10.0.0.121,REDACTED IP,powershell.exe,system,powershell.exe,powershell.exe  -ExecutionPolicy Bypass -File C:\programdata\portscan.ps1
"4/4/2025, 4:40:26.916 AM","4/4/2025, 4:39:17.509 AM",felix-win10,ConnectionFailed,10.0.0.121,REDACTED IP,cmd.exe,system,powershell.exe,"""cmd.exe"" /c powershell.exe -ExecutionPolicy Bypass -File C:\programdata\portscan.ps1"
"4/4/2025, 4:40:26.916 AM","4/4/2025, 4:39:05.412 AM",felix-win10,ConnectionFailed,10.0.0.121,REDACTED IP,cmd.exe,system,powershell.exe,"""cmd.exe"" /c powershell.exe -ExecutionPolicy Bypass -Command Invoke-WebRequest -Uri https://raw.githubusercontent.com/joshmadakor1/lognpacific-public/refs/heads/main/cyber-range/entropy-gorilla/portscan.ps1 -OutFile C:\programdata\portscan.ps1"
"4/4/2025, 4:40:24.767 AM","4/4/2025, 4:39:17.651 AM",felix-win10,ConnectionFailed,10.0.0.121,REDACTED IP,powershell.exe,system,powershell.exe,powershell.exe  -ExecutionPolicy Bypass -File C:\programdata\portscan.ps1
"4/4/2025, 4:40:24.767 AM","4/4/2025, 4:39:17.509 AM",felix-win10,ConnectionFailed,10.0.0.121,REDACTED IP,cmd.exe,system,powershell.exe,"""cmd.exe"" /c powershell.exe -ExecutionPolicy Bypass -File C:\programdata\portscan.ps1"
"4/4/2025, 4:40:24.767 AM","4/4/2025, 4:39:05.439 AM",felix-win10,ConnectionFailed,10.0.0.121,REDACTED IP,powershell.exe,system,powershell.exe,powershell.exe  -ExecutionPolicy Bypass -Command Invoke-WebRequest -Uri https://raw.githubusercontent.com/joshmadakor1/lognpacific-public/refs/heads/main/cyber-range/entropy-gorilla/portscan.ps1 -OutFile C:\programdata\portscan.ps1
"4/4/2025, 4:40:24.767 AM","4/4/2025, 4:39:05.412 AM",felix-win10,ConnectionFailed,10.0.0.121,REDACTED IP,cmd.exe,system,powershell.exe,"""cmd.exe"" /c powershell.exe -ExecutionPolicy Bypass -Command Invoke-WebRequest -Uri https://raw.githubusercontent.com/joshmadakor1/lognpacific-public/refs/heads/main/cyber-range/entropy-gorilla/portscan.ps1 -OutFile C:\programdata\portscan.ps1"
"4/4/2025, 4:40:22.642 AM","4/4/2025, 4:39:17.651 AM",felix-win10,ConnectionFailed,10.0.0.121,REDACTED IP,powershell.exe,system,powershell.exe,powershell.exe  -ExecutionPolicy Bypass -File C:\programdata\portscan.ps1
"4/4/2025, 4:40:22.642 AM","4/4/2025, 4:39:05.439 AM",felix-win10,ConnectionFailed,10.0.0.121,REDACTED IP,powershell.exe,system,powershell.exe,powershell.exe  -ExecutionPolicy Bypass -Command Invoke-WebRequest -Uri https://raw.githubusercontent.com/joshmadakor1/lognpacific-public/refs/heads/main/cyber-range/entropy-gorilla/portscan.ps1 -OutFile C:\programdata\portscan.ps1
"4/4/2025, 4:40:22.642 AM","4/4/2025, 4:39:17.509 AM",felix-win10,ConnectionFailed,10.0.0.121,REDACTED IP,cmd.exe,system,powershell.exe,"""cmd.exe"" /c powershell.exe -ExecutionPolicy Bypass -File C:\programdata\portscan.ps1"
"4/4/2025, 4:40:22.642 AM","4/4/2025, 4:39:05.412 AM",felix-win10,ConnectionFailed,10.0.0.121,REDACTED IP,cmd.exe,system,powershell.exe,"""cmd.exe"" /c powershell.exe -ExecutionPolicy Bypass -Command Invoke-WebRequest -Uri https://raw.githubusercontent.com/joshmadakor1/lognpacific-public/refs/heads/main/cyber-range/entropy-gorilla/portscan.ps1 -OutFile C:\programdata\portscan.ps1"
"4/4/2025, 4:40:20.494 AM","4/4/2025, 4:39:17.651 AM",felix-win10,ConnectionFailed,10.0.0.121,REDACTED IP,powershell.exe,system,powershell.exe,powershell.exe  -ExecutionPolicy Bypass -File C:\programdata\portscan.ps1
"4/4/2025, 4:40:20.494 AM","4/4/2025, 4:39:05.439 AM",felix-win10,ConnectionFailed,10.0.0.121,REDACTED IP,powershell.exe,system,powershell.exe,powershell.exe  -ExecutionPolicy Bypass -Command Invoke-WebRequest -Uri https://raw.githubusercontent.com/joshmadakor1/lognpacific-public/refs/heads/main/cyber-range/entropy-gorilla/portscan.ps1 -OutFile C:\programdata\portscan.ps1
"4/4/2025, 4:40:20.494 AM","4/4/2025, 4:39:17.509 AM",felix-win10,ConnectionFailed,10.0.0.121,REDACTED IP,cmd.exe,system,powershell.exe,"""cmd.exe"" /c powershell.exe -ExecutionPolicy Bypass -File C:\programdata\portscan.ps1"
"4/4/2025, 4:40:20.494 AM","4/4/2025, 4:39:05.412 AM",felix-win10,ConnectionFailed,10.0.0.121,REDACTED IP,cmd.exe,system,powershell.exe,"""cmd.exe"" /c powershell.exe -ExecutionPolicy Bypass -Command Invoke-WebRequest -Uri https://raw.githubusercontent.com/joshmadakor1/lognpacific-public/refs/heads/main/cyber-range/entropy-gorilla/portscan.ps1 -OutFile C:\programdata\portscan.ps1"
"4/4/2025, 4:40:18.384 AM","4/4/2025, 4:39:05.439 AM",felix-win10,ConnectionFailed,10.0.0.121,REDACTED IP,powershell.exe,system,powershell.exe,powershell.exe  -ExecutionPolicy Bypass -Command Invoke-WebRequest -Uri https://raw.githubusercontent.com/joshmadakor1/lognpacific-public/refs/heads/main/cyber-range/entropy-gorilla/portscan.ps1 -OutFile C:\programdata\portscan.ps1
"4/4/2025, 4:40:18.384 AM","4/4/2025, 4:39:17.509 AM",felix-win10,ConnectionFailed,10.0.0.121,REDACTED IP,cmd.exe,system,powershell.exe,"""cmd.exe"" /c powershell.exe -ExecutionPolicy Bypass -File C:\programdata\portscan.ps1"
"4/4/2025, 4:40:18.384 AM","4/4/2025, 4:39:17.651 AM",felix-win10,ConnectionFailed,10.0.0.121,REDACTED IP,powershell.exe,system,powershell.exe,powershell.exe  -ExecutionPolicy Bypass -File C:\programdata\portscan.ps1
"4/4/2025, 4:40:18.384 AM","4/4/2025, 4:39:05.412 AM",felix-win10,ConnectionFailed,10.0.0.121,REDACTED IP,cmd.exe,system,powershell.exe,"""cmd.exe"" /c powershell.exe -ExecutionPolicy Bypass -Command Invoke-WebRequest -Uri https://raw.githubusercontent.com/joshmadakor1/lognpacific-public/refs/heads/main/cyber-range/entropy-gorilla/portscan.ps1 -OutFile C:\programdata\portscan.ps1"
"4/4/2025, 4:40:16.266 AM","4/4/2025, 4:39:17.509 AM",felix-win10,ConnectionFailed,10.0.0.121,REDACTED IP,cmd.exe,system,powershell.exe,"""cmd.exe"" /c powershell.exe -ExecutionPolicy Bypass -File C:\programdata\portscan.ps1"
"4/4/2025, 4:40:16.266 AM","4/4/2025, 4:39:05.439 AM",felix-win10,ConnectionFailed,10.0.0.121,REDACTED IP,powershell.exe,system,powershell.exe,powershell.exe  -ExecutionPolicy Bypass -Command Invoke-WebRequest -Uri https://raw.githubusercontent.com/joshmadakor1/lognpacific-public/refs/heads/main/cyber-range/entropy-gorilla/portscan.ps1 -OutFile C:\programdata\portscan.ps1
"4/4/2025, 4:40:16.266 AM","4/4/2025, 4:39:17.651 AM",felix-win10,ConnectionFailed,10.0.0.121,REDACTED IP,powershell.exe,system,powershell.exe,powershell.exe  -ExecutionPolicy Bypass -File C:\programdata\portscan.ps1
"4/4/2025, 4:40:16.266 AM","4/4/2025, 4:39:05.412 AM",felix-win10,ConnectionFailed,10.0.0.121,REDACTED IP,cmd.exe,system,powershell.exe,"""cmd.exe"" /c powershell.exe -ExecutionPolicy Bypass -Command Invoke-WebRequest -Uri https://raw.githubusercontent.com/joshmadakor1/lognpacific-public/refs/heads/main/cyber-range/entropy-gorilla/portscan.ps1 -OutFile C:\programdata\portscan.ps1"
"4/4/2025, 4:39:55.102 AM","4/4/2025, 4:39:17.651 AM",felix-win10,ConnectionFailed,10.0.0.121,REDACTED IP,powershell.exe,system,powershell.exe,powershell.exe  -ExecutionPolicy Bypass -File C:\programdata\portscan.ps1
"4/4/2025, 4:39:55.102 AM","4/4/2025, 4:39:17.509 AM",felix-win10,ConnectionFailed,10.0.0.121,REDACTED IP,cmd.exe,system,powershell.exe,"""cmd.exe"" /c powershell.exe -ExecutionPolicy Bypass -File C:\programdata\portscan.ps1"
"4/4/2025, 4:39:55.102 AM","4/4/2025, 4:39:05.412 AM",felix-win10,ConnectionFailed,10.0.0.121,REDACTED IP,cmd.exe,system,powershell.exe,"""cmd.exe"" /c powershell.exe -ExecutionPolicy Bypass -Command Invoke-WebRequest -Uri https://raw.githubusercontent.com/joshmadakor1/lognpacific-public/refs/heads/main/cyber-range/entropy-gorilla/portscan.ps1 -OutFile C:\programdata\portscan.ps1"
"4/4/2025, 4:39:55.102 AM","4/4/2025, 4:38:57.749 AM",felix-win10,ConnectionFailed,10.0.0.121,REDACTED IP,cmd.exe,system,powershell.exe,"cmd  /C  C:\Packages\Plugins\Microsoft.CPlat.Core.RunCommandWindows\1.1.18\bin\RunCommandExtension.exe ""enable"""
"4/4/2025, 4:39:55.102 AM","4/4/2025, 4:38:57.555 AM",felix-win10,ConnectionFailed,10.0.0.121,REDACTED IP,cmd.exe,system,powershell.exe,"cmd.exe /c """"C:\Packages\Plugins\Microsoft.CPlat.Core.RunCommandWindows\1.1.18\enable.cmd"""""
"4/4/2025, 4:39:55.102 AM","4/4/2025, 4:38:59.503 AM",felix-win10,ConnectionFailed,10.0.0.121,REDACTED IP,powershell.exe,system,powershell.exe,powershell  -ExecutionPolicy Unrestricted -File script15.ps1
"4/4/2025, 4:39:55.102 AM","4/4/2025, 4:38:59.284 AM",felix-win10,ConnectionFailed,10.0.0.121,REDACTED IP,powershell.exe,system,powershell.exe,powershell.exe  -NoProfile -NonInteractive -ExecutionPolicy RemoteSigned -File C:\Packages\Plugins\Microsoft.GuestConfiguration.ConfigurationforWindows\1.29.92.0\bin\enable.ps1 -StartAsyncProcess 
"4/4/2025, 4:39:55.102 AM","4/4/2025, 4:39:05.439 AM",felix-win10,ConnectionFailed,10.0.0.121,REDACTED IP,powershell.exe,system,powershell.exe,powershell.exe  -ExecutionPolicy Bypass -Command Invoke-WebRequest -Uri https://raw.githubusercontent.com/joshmadakor1/lognpacific-public/refs/heads/main/cyber-range/entropy-gorilla/portscan.ps1 -OutFile C:\programdata\portscan.ps1
"4/4/2025, 4:39:55.102 AM","4/4/2025, 4:38:59.274 AM",felix-win10,ConnectionFailed,10.0.0.121,REDACTED IP,cmd.exe,system,powershell.exe,"""cmd"" /Cpowershell -ExecutionPolicy Unrestricted -File script15.ps1"
"4/4/2025, 4:39:55.102 AM","4/4/2025, 4:38:57.636 AM",felix-win10,ConnectionFailed,10.0.0.121,REDACTED IP,cmd.exe,system,powershell.exe,"cmd.exe /c """"C:\Packages\Plugins\Microsoft.GuestConfiguration.ConfigurationforWindows\1.29.92.0\bin\enable.cmd"""""
"4/3/2025, 8:39:57.721 PM","4/3/2025, 8:38:44.951 PM",felix-win10,ConnectionFailed,10.0.0.121,REDACTED IP,powershell.exe,system,powershell.exe,powershell  -ExecutionPolicy Unrestricted -File script7.ps1
"4/3/2025, 8:39:57.721 PM","4/3/2025, 8:38:41.945 PM",felix-win10,ConnectionFailed,10.0.0.121,REDACTED IP,cmd.exe,system,powershell.exe,"cmd.exe /c """"C:\Packages\Plugins\Microsoft.GuestConfiguration.ConfigurationforWindows\1.29.92.0\bin\enable.cmd"""""
"4/3/2025, 8:39:57.721 PM","4/3/2025, 8:38:49.534 PM",felix-win10,ConnectionFailed,10.0.0.121,REDACTED IP,powershell.exe,system,powershell.exe,powershell.exe  -ExecutionPolicy Bypass -File C:\programdata\portscan.ps1
"4/3/2025, 8:39:57.721 PM","4/3/2025, 8:38:42.056 PM",felix-win10,ConnectionFailed,10.0.0.121,REDACTED IP,powershell.exe,system,powershell.exe,powershell.exe  -NoProfile -NonInteractive -ExecutionPolicy RemoteSigned -File C:\Packages\Plugins\Microsoft.GuestConfiguration.ConfigurationforWindows\1.29.92.0\bin\enable.ps1 -StartAsyncProcess 
"4/3/2025, 8:39:57.721 PM","4/3/2025, 8:38:42.394 PM",felix-win10,ConnectionFailed,10.0.0.121,REDACTED IP,cmd.exe,system,powershell.exe,"cmd  /C  C:\Packages\Plugins\Microsoft.CPlat.Core.RunCommandWindows\1.1.18\bin\RunCommandExtension.exe ""enable"""
"4/3/2025, 8:39:57.721 PM","4/3/2025, 8:38:44.110 PM",felix-win10,ConnectionFailed,10.0.0.121,REDACTED IP,cmd.exe,system,powershell.exe,"""cmd"" /Cpowershell -ExecutionPolicy Unrestricted -File script7.ps1"
"4/3/2025, 8:39:57.721 PM","4/3/2025, 8:38:45.785 PM",felix-win10,ConnectionFailed,10.0.0.121,REDACTED IP,powershell.exe,system,powershell.exe,powershell.exe  -ExecutionPolicy Bypass -Command Invoke-WebRequest -Uri https://raw.githubusercontent.com/joshmadakor1/lognpacific-public/refs/heads/main/cyber-range/entropy-gorilla/portscan.ps1 -OutFile C:\programdata\portscan.ps1
"4/3/2025, 8:39:57.721 PM","4/3/2025, 8:38:45.760 PM",felix-win10,ConnectionFailed,10.0.0.121,REDACTED IP,cmd.exe,system,powershell.exe,"""cmd.exe"" /c powershell.exe -ExecutionPolicy Bypass -Command Invoke-WebRequest -Uri https://raw.githubusercontent.com/joshmadakor1/lognpacific-public/refs/heads/main/cyber-range/entropy-gorilla/portscan.ps1 -OutFile C:\programdata\portscan.ps1"
"4/3/2025, 8:39:57.721 PM","4/3/2025, 8:38:41.949 PM",felix-win10,ConnectionFailed,10.0.0.121,REDACTED IP,cmd.exe,system,powershell.exe,"cmd.exe /c """"C:\Packages\Plugins\Microsoft.CPlat.Core.RunCommandWindows\1.1.18\enable.cmd"""""
"4/3/2025, 8:39:57.721 PM","4/3/2025, 8:38:49.515 PM",felix-win10,ConnectionFailed,10.0.0.121,REDACTED IP,cmd.exe,system,powershell.exe,"""cmd.exe"" /c powershell.exe -ExecutionPolicy Bypass -File C:\programdata\portscan.ps1"
"4/3/2025, 8:39:55.538 PM","4/3/2025, 8:38:49.534 PM",felix-win10,ConnectionFailed,10.0.0.121,REDACTED IP,powershell.exe,system,powershell.exe,powershell.exe  -ExecutionPolicy Bypass -File C:\programdata\portscan.ps1
"4/3/2025, 8:39:55.538 PM","4/3/2025, 8:38:42.394 PM",felix-win10,ConnectionFailed,10.0.0.121,REDACTED IP,cmd.exe,system,powershell.exe,"cmd  /C  C:\Packages\Plugins\Microsoft.CPlat.Core.RunCommandWindows\1.1.18\bin\RunCommandExtension.exe ""enable"""
"4/3/2025, 8:39:55.538 PM","4/3/2025, 8:38:44.110 PM",felix-win10,ConnectionFailed,10.0.0.121,REDACTED IP,cmd.exe,system,powershell.exe,"""cmd"" /Cpowershell -ExecutionPolicy Unrestricted -File script7.ps1"
"4/3/2025, 8:39:55.538 PM","4/3/2025, 8:38:44.951 PM",felix-win10,ConnectionFailed,10.0.0.121,REDACTED IP,powershell.exe,system,powershell.exe,powershell  -ExecutionPolicy Unrestricted -File script7.ps1
"4/3/2025, 8:39:55.538 PM","4/3/2025, 8:38:45.760 PM",felix-win10,ConnectionFailed,10.0.0.121,REDACTED IP,cmd.exe,system,powershell.exe,"""cmd.exe"" /c powershell.exe -ExecutionPolicy Bypass -Command Invoke-WebRequest -Uri https://raw.githubusercontent.com/joshmadakor1/lognpacific-public/refs/heads/main/cyber-range/entropy-gorilla/portscan.ps1 -OutFile C:\programdata\portscan.ps1"
"4/3/2025, 8:39:55.538 PM","4/3/2025, 8:38:41.949 PM",felix-win10,ConnectionFailed,10.0.0.121,REDACTED IP,cmd.exe,system,powershell.exe,"cmd.exe /c """"C:\Packages\Plugins\Microsoft.CPlat.Core.RunCommandWindows\1.1.18\enable.cmd"""""
"4/3/2025, 8:39:55.538 PM","4/3/2025, 8:38:45.785 PM",felix-win10,ConnectionFailed,10.0.0.121,REDACTED IP,powershell.exe,system,powershell.exe,powershell.exe  -ExecutionPolicy Bypass -Command Invoke-WebRequest -Uri https://raw.githubusercontent.com/joshmadakor1/lognpacific-public/refs/heads/main/cyber-range/entropy-gorilla/portscan.ps1 -OutFile C:\programdata\portscan.ps1
"4/3/2025, 8:39:55.538 PM","4/3/2025, 8:38:41.945 PM",felix-win10,ConnectionFailed,10.0.0.121,REDACTED IP,cmd.exe,system,powershell.exe,"cmd.exe /c """"C:\Packages\Plugins\Microsoft.GuestConfiguration.ConfigurationforWindows\1.29.92.0\bin\enable.cmd"""""
"4/3/2025, 8:39:55.538 PM","4/3/2025, 8:38:49.515 PM",felix-win10,ConnectionFailed,10.0.0.121,REDACTED IP,cmd.exe,system,powershell.exe,"""cmd.exe"" /c powershell.exe -ExecutionPolicy Bypass -File C:\programdata\portscan.ps1"
"4/3/2025, 8:39:55.538 PM","4/3/2025, 8:38:42.056 PM",felix-win10,ConnectionFailed,10.0.0.121,REDACTED IP,powershell.exe,system,powershell.exe,powershell.exe  -NoProfile -NonInteractive -ExecutionPolicy RemoteSigned -File C:\Packages\Plugins\Microsoft.GuestConfiguration.ConfigurationforWindows\1.29.92.0\bin\enable.ps1 -StartAsyncProcess 
"4/3/2025, 8:39:53.317 PM","4/3/2025, 8:38:41.945 PM",felix-win10,ConnectionFailed,10.0.0.121,REDACTED IP,cmd.exe,system,powershell.exe,"cmd.exe /c """"C:\Packages\Plugins\Microsoft.GuestConfiguration.ConfigurationforWindows\1.29.92.0\bin\enable.cmd"""""
"4/3/2025, 8:39:53.317 PM","4/3/2025, 8:38:41.949 PM",felix-win10,ConnectionFailed,10.0.0.121,REDACTED IP,cmd.exe,system,powershell.exe,"cmd.exe /c """"C:\Packages\Plugins\Microsoft.CPlat.Core.RunCommandWindows\1.1.18\enable.cmd"""""
"4/3/2025, 8:39:53.317 PM","4/3/2025, 8:38:49.534 PM",felix-win10,ConnectionFailed,10.0.0.121,REDACTED IP,powershell.exe,system,powershell.exe,powershell.exe  -ExecutionPolicy Bypass -File C:\programdata\portscan.ps1
"4/3/2025, 8:39:53.317 PM","4/3/2025, 8:38:45.760 PM",felix-win10,ConnectionFailed,10.0.0.121,REDACTED IP,cmd.exe,system,powershell.exe,"""cmd.exe"" /c powershell.exe -ExecutionPolicy Bypass -Command Invoke-WebRequest -Uri https://raw.githubusercontent.com/joshmadakor1/lognpacific-public/refs/heads/main/cyber-range/entropy-gorilla/portscan.ps1 -OutFile C:\programdata\portscan.ps1"
"4/3/2025, 8:39:53.317 PM","4/3/2025, 8:38:44.951 PM",felix-win10,ConnectionFailed,10.0.0.121,REDACTED IP,powershell.exe,system,powershell.exe,powershell  -ExecutionPolicy Unrestricted -File script7.ps1
"4/3/2025, 8:39:53.317 PM","4/3/2025, 8:38:44.110 PM",felix-win10,ConnectionFailed,10.0.0.121,REDACTED IP,cmd.exe,system,powershell.exe,"""cmd"" /Cpowershell -ExecutionPolicy Unrestricted -File script7.ps1"
"4/3/2025, 8:39:53.317 PM","4/3/2025, 8:38:45.785 PM",felix-win10,ConnectionFailed,10.0.0.121,REDACTED IP,powershell.exe,system,powershell.exe,powershell.exe  -ExecutionPolicy Bypass -Command Invoke-WebRequest -Uri https://raw.githubusercontent.com/joshmadakor1/lognpacific-public/refs/heads/main/cyber-range/entropy-gorilla/portscan.ps1 -OutFile C:\programdata\portscan.ps1
"4/3/2025, 8:39:53.317 PM","4/3/2025, 8:38:49.515 PM",felix-win10,ConnectionFailed,10.0.0.121,REDACTED IP,cmd.exe,system,powershell.exe,"""cmd.exe"" /c powershell.exe -ExecutionPolicy Bypass -File C:\programdata\portscan.ps1"
"4/3/2025, 8:39:53.317 PM","4/3/2025, 8:38:42.056 PM",felix-win10,ConnectionFailed,10.0.0.121,REDACTED IP,powershell.exe,system,powershell.exe,powershell.exe  -NoProfile -NonInteractive -ExecutionPolicy RemoteSigned -File C:\Packages\Plugins\Microsoft.GuestConfiguration.ConfigurationforWindows\1.29.92.0\bin\enable.ps1 -StartAsyncProcess 
"4/3/2025, 8:39:53.317 PM","4/3/2025, 8:38:42.394 PM",felix-win10,ConnectionFailed,10.0.0.121,REDACTED IP,cmd.exe,system,powershell.exe,"cmd  /C  C:\Packages\Plugins\Microsoft.CPlat.Core.RunCommandWindows\1.1.18\bin\RunCommandExtension.exe ""enable"""
"4/3/2025, 8:39:51.131 PM","4/3/2025, 8:38:45.785 PM",felix-win10,ConnectionFailed,10.0.0.121,REDACTED IP,powershell.exe,system,powershell.exe,powershell.exe  -ExecutionPolicy Bypass -Command Invoke-WebRequest -Uri https://raw.githubusercontent.com/joshmadakor1/lognpacific-public/refs/heads/main/cyber-range/entropy-gorilla/portscan.ps1 -OutFile C:\programdata\portscan.ps1
"4/3/2025, 8:39:51.131 PM","4/3/2025, 8:38:45.760 PM",felix-win10,ConnectionFailed,10.0.0.121,REDACTED IP,cmd.exe,system,powershell.exe,"""cmd.exe"" /c powershell.exe -ExecutionPolicy Bypass -Command Invoke-WebRequest -Uri https://raw.githubusercontent.com/joshmadakor1/lognpacific-public/refs/heads/main/cyber-range/entropy-gorilla/portscan.ps1 -OutFile C:\programdata\portscan.ps1"
"4/3/2025, 8:39:51.131 PM","4/3/2025, 8:38:42.394 PM",felix-win10,ConnectionFailed,10.0.0.121,REDACTED IP,cmd.exe,system,powershell.exe,"cmd  /C  C:\Packages\Plugins\Microsoft.CPlat.Core.RunCommandWindows\1.1.18\bin\RunCommandExtension.exe ""enable"""
"4/3/2025, 8:39:51.131 PM","4/3/2025, 8:38:42.056 PM",felix-win10,ConnectionFailed,10.0.0.121,REDACTED IP,powershell.exe,system,powershell.exe,powershell.exe  -NoProfile -NonInteractive -ExecutionPolicy RemoteSigned -File C:\Packages\Plugins\Microsoft.GuestConfiguration.ConfigurationforWindows\1.29.92.0\bin\enable.ps1 -StartAsyncProcess 
"4/3/2025, 8:39:51.131 PM","4/3/2025, 8:38:49.534 PM",felix-win10,ConnectionFailed,10.0.0.121,REDACTED IP,powershell.exe,system,powershell.exe,powershell.exe  -ExecutionPolicy Bypass -File C:\programdata\portscan.ps1
"4/3/2025, 8:39:51.131 PM","4/3/2025, 8:38:44.110 PM",felix-win10,ConnectionFailed,10.0.0.121,REDACTED IP,cmd.exe,system,powershell.exe,"""cmd"" /Cpowershell -ExecutionPolicy Unrestricted -File script7.ps1"
"4/3/2025, 8:39:51.131 PM","4/3/2025, 8:38:41.949 PM",felix-win10,ConnectionFailed,10.0.0.121,REDACTED IP,cmd.exe,system,powershell.exe,"cmd.exe /c """"C:\Packages\Plugins\Microsoft.CPlat.Core.RunCommandWindows\1.1.18\enable.cmd"""""
"4/3/2025, 8:39:51.131 PM","4/3/2025, 8:38:44.951 PM",felix-win10,ConnectionFailed,10.0.0.121,REDACTED IP,powershell.exe,system,powershell.exe,powershell  -ExecutionPolicy Unrestricted -File script7.ps1
"4/3/2025, 8:39:51.131 PM","4/3/2025, 8:38:41.945 PM",felix-win10,ConnectionFailed,10.0.0.121,REDACTED IP,cmd.exe,system,powershell.exe,"cmd.exe /c """"C:\Packages\Plugins\Microsoft.GuestConfiguration.ConfigurationforWindows\1.29.92.0\bin\enable.cmd"""""
"4/3/2025, 8:39:51.131 PM","4/3/2025, 8:38:49.515 PM",felix-win10,ConnectionFailed,10.0.0.121,REDACTED IP,cmd.exe,system,powershell.exe,"""cmd.exe"" /c powershell.exe -ExecutionPolicy Bypass -File C:\programdata\portscan.ps1"
"4/3/2025, 8:39:48.964 PM","4/3/2025, 8:38:45.760 PM",felix-win10,ConnectionFailed,10.0.0.121,REDACTED IP,cmd.exe,system,powershell.exe,"""cmd.exe"" /c powershell.exe -ExecutionPolicy Bypass -Command Invoke-WebRequest -Uri https://raw.githubusercontent.com/joshmadakor1/lognpacific-public/refs/heads/main/cyber-range/entropy-gorilla/portscan.ps1 -OutFile C:\programdata\portscan.ps1"
"4/3/2025, 8:39:48.964 PM","4/3/2025, 8:38:41.945 PM",felix-win10,ConnectionFailed,10.0.0.121,REDACTED IP,cmd.exe,system,powershell.exe,"cmd.exe /c """"C:\Packages\Plugins\Microsoft.GuestConfiguration.ConfigurationforWindows\1.29.92.0\bin\enable.cmd"""""
"4/3/2025, 8:39:48.964 PM","4/3/2025, 8:38:42.394 PM",felix-win10,ConnectionFailed,10.0.0.121,REDACTED IP,cmd.exe,system,powershell.exe,"cmd  /C  C:\Packages\Plugins\Microsoft.CPlat.Core.RunCommandWindows\1.1.18\bin\RunCommandExtension.exe ""enable"""
"4/3/2025, 8:39:48.964 PM","4/3/2025, 8:38:41.949 PM",felix-win10,ConnectionFailed,10.0.0.121,REDACTED IP,cmd.exe,system,powershell.exe,"cmd.exe /c """"C:\Packages\Plugins\Microsoft.CPlat.Core.RunCommandWindows\1.1.18\enable.cmd"""""
"4/3/2025, 8:39:48.964 PM","4/3/2025, 8:38:49.534 PM",felix-win10,ConnectionFailed,10.0.0.121,REDACTED IP,powershell.exe,system,powershell.exe,powershell.exe  -ExecutionPolicy Bypass -File C:\programdata\portscan.ps1
"4/3/2025, 8:39:48.964 PM","4/3/2025, 8:38:49.515 PM",felix-win10,ConnectionFailed,10.0.0.121,REDACTED IP,cmd.exe,system,powershell.exe,"""cmd.exe"" /c powershell.exe -ExecutionPolicy Bypass -File C:\programdata\portscan.ps1"
"4/3/2025, 8:39:48.964 PM","4/3/2025, 8:38:45.785 PM",felix-win10,ConnectionFailed,10.0.0.121,REDACTED IP,powershell.exe,system,powershell.exe,powershell.exe  -ExecutionPolicy Bypass -Command Invoke-WebRequest -Uri https://raw.githubusercontent.com/joshmadakor1/lognpacific-public/refs/heads/main/cyber-range/entropy-gorilla/portscan.ps1 -OutFile C:\programdata\portscan.ps1
"4/3/2025, 8:39:48.964 PM","4/3/2025, 8:38:42.056 PM",felix-win10,ConnectionFailed,10.0.0.121,REDACTED IP,powershell.exe,system,powershell.exe,powershell.exe  -NoProfile -NonInteractive -ExecutionPolicy RemoteSigned -File C:\Packages\Plugins\Microsoft.GuestConfiguration.ConfigurationforWindows\1.29.92.0\bin\enable.ps1 -StartAsyncProcess 
"4/3/2025, 8:39:48.964 PM","4/3/2025, 8:38:44.110 PM",felix-win10,ConnectionFailed,10.0.0.121,REDACTED IP,cmd.exe,system,powershell.exe,"""cmd"" /Cpowershell -ExecutionPolicy Unrestricted -File script7.ps1"
"4/3/2025, 8:39:48.964 PM","4/3/2025, 8:38:44.951 PM",felix-win10,ConnectionFailed,10.0.0.121,REDACTED IP,powershell.exe,system,powershell.exe,powershell  -ExecutionPolicy Unrestricted -File script7.ps1
"4/3/2025, 8:39:46.456 PM","4/3/2025, 8:38:42.394 PM",felix-win10,ConnectionFailed,10.0.0.121,REDACTED IP,cmd.exe,system,powershell.exe,"cmd  /C  C:\Packages\Plugins\Microsoft.CPlat.Core.RunCommandWindows\1.1.18\bin\RunCommandExtension.exe ""enable"""
"4/3/2025, 8:39:46.456 PM","4/3/2025, 8:38:44.110 PM",felix-win10,ConnectionFailed,10.0.0.121,REDACTED IP,cmd.exe,system,powershell.exe,"""cmd"" /Cpowershell -ExecutionPolicy Unrestricted -File script7.ps1"
"4/3/2025, 8:39:46.456 PM","4/3/2025, 8:38:41.945 PM",felix-win10,ConnectionFailed,10.0.0.121,REDACTED IP,cmd.exe,system,powershell.exe,"cmd.exe /c """"C:\Packages\Plugins\Microsoft.GuestConfiguration.ConfigurationforWindows\1.29.92.0\bin\enable.cmd"""""
"4/3/2025, 8:39:46.456 PM","4/3/2025, 8:38:45.760 PM",felix-win10,ConnectionFailed,10.0.0.121,REDACTED IP,cmd.exe,system,powershell.exe,"""cmd.exe"" /c powershell.exe -ExecutionPolicy Bypass -Command Invoke-WebRequest -Uri https://raw.githubusercontent.com/joshmadakor1/lognpacific-public/refs/heads/main/cyber-range/entropy-gorilla/portscan.ps1 -OutFile C:\programdata\portscan.ps1"
"4/3/2025, 8:39:46.456 PM","4/3/2025, 8:38:49.534 PM",felix-win10,ConnectionFailed,10.0.0.121,REDACTED IP,powershell.exe,system,powershell.exe,powershell.exe  -ExecutionPolicy Bypass -File C:\programdata\portscan.ps1
"4/3/2025, 8:39:46.456 PM","4/3/2025, 8:38:41.949 PM",felix-win10,ConnectionFailed,10.0.0.121,REDACTED IP,cmd.exe,system,powershell.exe,"cmd.exe /c """"C:\Packages\Plugins\Microsoft.CPlat.Core.RunCommandWindows\1.1.18\enable.cmd"""""
"4/3/2025, 8:39:46.456 PM","4/3/2025, 8:38:49.515 PM",felix-win10,ConnectionFailed,10.0.0.121,REDACTED IP,cmd.exe,system,powershell.exe,"""cmd.exe"" /c powershell.exe -ExecutionPolicy Bypass -File C:\programdata\portscan.ps1"
"4/3/2025, 8:39:46.456 PM","4/3/2025, 8:38:42.056 PM",felix-win10,ConnectionFailed,10.0.0.121,REDACTED IP,powershell.exe,system,powershell.exe,powershell.exe  -NoProfile -NonInteractive -ExecutionPolicy RemoteSigned -File C:\Packages\Plugins\Microsoft.GuestConfiguration.ConfigurationforWindows\1.29.92.0\bin\enable.ps1 -StartAsyncProcess 
"4/3/2025, 8:39:46.456 PM","4/3/2025, 8:38:44.951 PM",felix-win10,ConnectionFailed,10.0.0.121,REDACTED IP,powershell.exe,system,powershell.exe,powershell  -ExecutionPolicy Unrestricted -File script7.ps1
"4/3/2025, 8:39:46.456 PM","4/3/2025, 8:38:45.785 PM",felix-win10,ConnectionFailed,10.0.0.121,REDACTED IP,powershell.exe,system,powershell.exe,powershell.exe  -ExecutionPolicy Bypass -Command Invoke-WebRequest -Uri https://raw.githubusercontent.com/joshmadakor1/lognpacific-public/refs/heads/main/cyber-range/entropy-gorilla/portscan.ps1 -OutFile C:\programdata\portscan.ps1
"4/3/2025, 8:39:45.058 PM","4/3/2025, 8:38:42.394 PM",felix-win10,ConnectionFailed,10.0.0.121,REDACTED IP,cmd.exe,system,powershell.exe,"cmd  /C  C:\Packages\Plugins\Microsoft.CPlat.Core.RunCommandWindows\1.1.18\bin\RunCommandExtension.exe ""enable"""
"4/3/2025, 8:39:45.058 PM","4/3/2025, 8:38:41.949 PM",felix-win10,ConnectionFailed,10.0.0.121,REDACTED IP,cmd.exe,system,powershell.exe,"cmd.exe /c """"C:\Packages\Plugins\Microsoft.CPlat.Core.RunCommandWindows\1.1.18\enable.cmd"""""
"4/3/2025, 8:39:45.058 PM","4/3/2025, 8:38:45.785 PM",felix-win10,ConnectionFailed,10.0.0.121,REDACTED IP,powershell.exe,system,powershell.exe,powershell.exe  -ExecutionPolicy Bypass -Command Invoke-WebRequest -Uri https://raw.githubusercontent.com/joshmadakor1/lognpacific-public/refs/heads/main/cyber-range/entropy-gorilla/portscan.ps1 -OutFile C:\programdata\portscan.ps1
"4/3/2025, 8:39:45.058 PM","4/3/2025, 8:38:42.056 PM",felix-win10,ConnectionFailed,10.0.0.121,REDACTED IP,powershell.exe,system,powershell.exe,powershell.exe  -NoProfile -NonInteractive -ExecutionPolicy RemoteSigned -File C:\Packages\Plugins\Microsoft.GuestConfiguration.ConfigurationforWindows\1.29.92.0\bin\enable.ps1 -StartAsyncProcess 
"4/3/2025, 8:39:45.058 PM","4/3/2025, 8:38:49.515 PM",felix-win10,ConnectionFailed,10.0.0.121,REDACTED IP,cmd.exe,system,powershell.exe,"""cmd.exe"" /c powershell.exe -ExecutionPolicy Bypass -File C:\programdata\portscan.ps1"
"4/3/2025, 8:39:45.058 PM","4/3/2025, 8:38:45.760 PM",felix-win10,ConnectionFailed,10.0.0.121,REDACTED IP,cmd.exe,system,powershell.exe,"""cmd.exe"" /c powershell.exe -ExecutionPolicy Bypass -Command Invoke-WebRequest -Uri https://raw.githubusercontent.com/joshmadakor1/lognpacific-public/refs/heads/main/cyber-range/entropy-gorilla/portscan.ps1 -OutFile C:\programdata\portscan.ps1"
"4/3/2025, 8:39:45.058 PM","4/3/2025, 8:38:41.945 PM",felix-win10,ConnectionFailed,10.0.0.121,REDACTED IP,cmd.exe,system,powershell.exe,"cmd.exe /c """"C:\Packages\Plugins\Microsoft.GuestConfiguration.ConfigurationforWindows\1.29.92.0\bin\enable.cmd"""""
"4/3/2025, 8:39:45.058 PM","4/3/2025, 8:38:49.534 PM",felix-win10,ConnectionFailed,10.0.0.121,REDACTED IP,powershell.exe,system,powershell.exe,powershell.exe  -ExecutionPolicy Bypass -File C:\programdata\portscan.ps1
"4/3/2025, 8:39:45.058 PM","4/3/2025, 8:38:44.951 PM",felix-win10,ConnectionFailed,10.0.0.121,REDACTED IP,powershell.exe,system,powershell.exe,powershell  -ExecutionPolicy Unrestricted -File script7.ps1
"4/3/2025, 8:39:45.058 PM","4/3/2025, 8:38:44.110 PM",felix-win10,ConnectionFailed,10.0.0.121,REDACTED IP,cmd.exe,system,powershell.exe,"""cmd"" /Cpowershell -ExecutionPolicy Unrestricted -File script7.ps1"
"4/3/2025, 8:39:44.042 PM","4/3/2025, 8:38:44.110 PM",felix-win10,ConnectionFailed,10.0.0.121,REDACTED IP,cmd.exe,system,powershell.exe,"""cmd"" /Cpowershell -ExecutionPolicy Unrestricted -File script7.ps1"
"4/3/2025, 8:39:44.042 PM","4/3/2025, 8:38:42.394 PM",felix-win10,ConnectionFailed,10.0.0.121,REDACTED IP,cmd.exe,system,powershell.exe,"cmd  /C  C:\Packages\Plugins\Microsoft.CPlat.Core.RunCommandWindows\1.1.18\bin\RunCommandExtension.exe ""enable"""
"4/3/2025, 8:39:44.042 PM","4/3/2025, 8:38:45.760 PM",felix-win10,ConnectionFailed,10.0.0.121,REDACTED IP,cmd.exe,system,powershell.exe,"""cmd.exe"" /c powershell.exe -ExecutionPolicy Bypass -Command Invoke-WebRequest -Uri https://raw.githubusercontent.com/joshmadakor1/lognpacific-public/refs/heads/main/cyber-range/entropy-gorilla/portscan.ps1 -OutFile C:\programdata\portscan.ps1"
"4/3/2025, 8:39:44.042 PM","4/3/2025, 8:38:45.785 PM",felix-win10,ConnectionFailed,10.0.0.121,REDACTED IP,powershell.exe,system,powershell.exe,powershell.exe  -ExecutionPolicy Bypass -Command Invoke-WebRequest -Uri https://raw.githubusercontent.com/joshmadakor1/lognpacific-public/refs/heads/main/cyber-range/entropy-gorilla/portscan.ps1 -OutFile C:\programdata\portscan.ps1
"4/3/2025, 8:39:44.042 PM","4/3/2025, 8:38:49.515 PM",felix-win10,ConnectionFailed,10.0.0.121,REDACTED IP,cmd.exe,system,powershell.exe,"""cmd.exe"" /c powershell.exe -ExecutionPolicy Bypass -File C:\programdata\portscan.ps1"
"4/3/2025, 8:39:44.042 PM","4/3/2025, 8:38:41.949 PM",felix-win10,ConnectionFailed,10.0.0.121,REDACTED IP,cmd.exe,system,powershell.exe,"cmd.exe /c """"C:\Packages\Plugins\Microsoft.CPlat.Core.RunCommandWindows\1.1.18\enable.cmd"""""
"4/3/2025, 8:39:44.042 PM","4/3/2025, 8:38:49.534 PM",felix-win10,ConnectionFailed,10.0.0.121,REDACTED IP,powershell.exe,system,powershell.exe,powershell.exe  -ExecutionPolicy Bypass -File C:\programdata\portscan.ps1
"4/3/2025, 8:39:44.042 PM","4/3/2025, 8:38:42.056 PM",felix-win10,ConnectionFailed,10.0.0.121,REDACTED IP,powershell.exe,system,powershell.exe,powershell.exe  -NoProfile -NonInteractive -ExecutionPolicy RemoteSigned -File C:\Packages\Plugins\Microsoft.GuestConfiguration.ConfigurationforWindows\1.29.92.0\bin\enable.ps1 -StartAsyncProcess 
"4/3/2025, 8:39:44.042 PM","4/3/2025, 8:38:41.945 PM",felix-win10,ConnectionFailed,10.0.0.121,REDACTED IP,cmd.exe,system,powershell.exe,"cmd.exe /c """"C:\Packages\Plugins\Microsoft.GuestConfiguration.ConfigurationforWindows\1.29.92.0\bin\enable.cmd"""""
"4/3/2025, 8:39:44.042 PM","4/3/2025, 8:38:44.951 PM",felix-win10,ConnectionFailed,10.0.0.121,REDACTED IP,powershell.exe,system,powershell.exe,powershell  -ExecutionPolicy Unrestricted -File script7.ps1
"4/3/2025, 8:39:41.790 PM","4/3/2025, 8:38:45.760 PM",felix-win10,ConnectionFailed,10.0.0.121,REDACTED IP,cmd.exe,system,powershell.exe,"""cmd.exe"" /c powershell.exe -ExecutionPolicy Bypass -Command Invoke-WebRequest -Uri https://raw.githubusercontent.com/joshmadakor1/lognpacific-public/refs/heads/main/cyber-range/entropy-gorilla/portscan.ps1 -OutFile C:\programdata\portscan.ps1"
"4/3/2025, 8:39:41.790 PM","4/3/2025, 8:38:49.534 PM",felix-win10,ConnectionFailed,10.0.0.121,REDACTED IP,powershell.exe,system,powershell.exe,powershell.exe  -ExecutionPolicy Bypass -File C:\programdata\portscan.ps1
"4/3/2025, 8:39:41.790 PM","4/3/2025, 8:38:42.394 PM",felix-win10,ConnectionFailed,10.0.0.121,REDACTED IP,cmd.exe,system,powershell.exe,"cmd  /C  C:\Packages\Plugins\Microsoft.CPlat.Core.RunCommandWindows\1.1.18\bin\RunCommandExtension.exe ""enable"""
"4/3/2025, 8:39:41.790 PM","4/3/2025, 8:38:41.945 PM",felix-win10,ConnectionFailed,10.0.0.121,REDACTED IP,cmd.exe,system,powershell.exe,"cmd.exe /c """"C:\Packages\Plugins\Microsoft.GuestConfiguration.ConfigurationforWindows\1.29.92.0\bin\enable.cmd"""""
"4/3/2025, 8:39:41.790 PM","4/3/2025, 8:38:41.949 PM",felix-win10,ConnectionFailed,10.0.0.121,REDACTED IP,cmd.exe,system,powershell.exe,"cmd.exe /c """"C:\Packages\Plugins\Microsoft.CPlat.Core.RunCommandWindows\1.1.18\enable.cmd"""""
"4/3/2025, 8:39:41.790 PM","4/3/2025, 8:38:45.785 PM",felix-win10,ConnectionFailed,10.0.0.121,REDACTED IP,powershell.exe,system,powershell.exe,powershell.exe  -ExecutionPolicy Bypass -Command Invoke-WebRequest -Uri https://raw.githubusercontent.com/joshmadakor1/lognpacific-public/refs/heads/main/cyber-range/entropy-gorilla/portscan.ps1 -OutFile C:\programdata\portscan.ps1
"4/3/2025, 8:39:41.790 PM","4/3/2025, 8:38:44.951 PM",felix-win10,ConnectionFailed,10.0.0.121,REDACTED IP,powershell.exe,system,powershell.exe,powershell  -ExecutionPolicy Unrestricted -File script7.ps1
"4/3/2025, 8:39:41.790 PM","4/3/2025, 8:38:44.110 PM",felix-win10,ConnectionFailed,10.0.0.121,REDACTED IP,cmd.exe,system,powershell.exe,"""cmd"" /Cpowershell -ExecutionPolicy Unrestricted -File script7.ps1"
"4/3/2025, 8:39:41.790 PM","4/3/2025, 8:38:49.515 PM",felix-win10,ConnectionFailed,10.0.0.121,REDACTED IP,cmd.exe,system,powershell.exe,"""cmd.exe"" /c powershell.exe -ExecutionPolicy Bypass -File C:\programdata\portscan.ps1"
"4/3/2025, 8:39:41.790 PM","4/3/2025, 8:38:42.056 PM",felix-win10,ConnectionFailed,10.0.0.121,REDACTED IP,powershell.exe,system,powershell.exe,powershell.exe  -NoProfile -NonInteractive -ExecutionPolicy RemoteSigned -File C:\Packages\Plugins\Microsoft.GuestConfiguration.ConfigurationforWindows\1.29.92.0\bin\enable.ps1 -StartAsyncProcess 
"4/3/2025, 8:39:20.178 PM","4/3/2025, 8:38:44.110 PM",felix-win10,ConnectionFailed,10.0.0.121,REDACTED IP,cmd.exe,system,powershell.exe,"""cmd"" /Cpowershell -ExecutionPolicy Unrestricted -File script7.ps1"
"4/3/2025, 8:39:20.178 PM","4/3/2025, 8:38:44.951 PM",felix-win10,ConnectionFailed,10.0.0.121,REDACTED IP,powershell.exe,system,powershell.exe,powershell  -ExecutionPolicy Unrestricted -File script7.ps1
"4/3/2025, 8:39:20.178 PM","4/3/2025, 8:38:49.515 PM",felix-win10,ConnectionFailed,10.0.0.121,REDACTED IP,cmd.exe,system,powershell.exe,"""cmd.exe"" /c powershell.exe -ExecutionPolicy Bypass -File C:\programdata\portscan.ps1"
"4/3/2025, 8:39:20.178 PM","4/3/2025, 8:38:49.534 PM",felix-win10,ConnectionFailed,10.0.0.121,REDACTED IP,powershell.exe,system,powershell.exe,powershell.exe  -ExecutionPolicy Bypass -File C:\programdata\portscan.ps1
"4/3/2025, 8:39:20.178 PM","4/3/2025, 8:38:42.394 PM",felix-win10,ConnectionFailed,10.0.0.121,REDACTED IP,cmd.exe,system,powershell.exe,"cmd  /C  C:\Packages\Plugins\Microsoft.CPlat.Core.RunCommandWindows\1.1.18\bin\RunCommandExtension.exe ""enable"""
"4/3/2025, 8:39:20.178 PM","4/3/2025, 8:38:41.949 PM",felix-win10,ConnectionFailed,10.0.0.121,REDACTED IP,cmd.exe,system,powershell.exe,"cmd.exe /c """"C:\Packages\Plugins\Microsoft.CPlat.Core.RunCommandWindows\1.1.18\enable.cmd"""""
"4/3/2025, 8:39:20.178 PM","4/3/2025, 8:38:41.945 PM",felix-win10,ConnectionFailed,10.0.0.121,REDACTED IP,cmd.exe,system,powershell.exe,"cmd.exe /c """"C:\Packages\Plugins\Microsoft.GuestConfiguration.ConfigurationforWindows\1.29.92.0\bin\enable.cmd"""""
"4/3/2025, 8:39:20.178 PM","4/3/2025, 8:38:42.056 PM",felix-win10,ConnectionFailed,10.0.0.121,REDACTED IP,powershell.exe,system,powershell.exe,powershell.exe  -NoProfile -NonInteractive -ExecutionPolicy RemoteSigned -File C:\Packages\Plugins\Microsoft.GuestConfiguration.ConfigurationforWindows\1.29.92.0\bin\enable.ps1 -StartAsyncProcess 
"4/3/2025, 8:39:20.178 PM","4/3/2025, 8:38:45.760 PM",felix-win10,ConnectionFailed,10.0.0.121,REDACTED IP,cmd.exe,system,powershell.exe,"""cmd.exe"" /c powershell.exe -ExecutionPolicy Bypass -Command Invoke-WebRequest -Uri https://raw.githubusercontent.com/joshmadakor1/lognpacific-public/refs/heads/main/cyber-range/entropy-gorilla/portscan.ps1 -OutFile C:\programdata\portscan.ps1"
"4/3/2025, 8:39:20.178 PM","4/3/2025, 8:38:45.785 PM",felix-win10,ConnectionFailed,10.0.0.121,REDACTED IP,powershell.exe,system,powershell.exe,powershell.exe  -ExecutionPolicy Bypass -Command Invoke-WebRequest -Uri https://raw.githubusercontent.com/joshmadakor1/lognpacific-public/refs/heads/main/cyber-range/entropy-gorilla/portscan.ps1 -OutFile C:\programdata\portscan.ps1
"4/3/2025, 8:37:57.526 PM","4/3/2025, 8:38:44.951 PM",felix-win10,ConnectionFailed,10.0.0.121,REDACTED IP,powershell.exe,system,powershell.exe,powershell  -ExecutionPolicy Unrestricted -File script7.ps1
"4/3/2025, 8:37:57.526 PM","4/3/2025, 8:37:25.698 PM",felix-win10,ConnectionFailed,10.0.0.121,REDACTED IP,powershell.exe,system,powershell.exe,"""powershell.exe"" -noninteractive -outputFormat xml -NonInteractive -encodedCommand IABbAEUAbgB2AGkAcgBvAG4AbQBlAG4AdABdADoAOgBPAFMAVgBlAHIAcwBpAG8AbgAuAFYAZQByAHMAaQBvAG4AIAA= -inputFormat xml"
"4/3/2025, 8:37:57.526 PM","4/3/2025, 8:37:47.048 PM",felix-win10,ConnectionFailed,10.0.0.121,REDACTED IP,powershell.exe,system,powershell.exe,"""powershell.exe"" -noninteractive -outputFormat xml -NonInteractive -encodedCommand IABbAEUAbgB2AGkAcgBvAG4AbQBlAG4AdABdADoAOgBPAFMAVgBlAHIAcwBpAG8AbgAuAFYAZQByAHMAaQBvAG4AIAA= -inputFormat xml"
"4/3/2025, 8:37:57.526 PM","4/3/2025, 8:38:44.110 PM",felix-win10,ConnectionFailed,10.0.0.121,REDACTED IP,cmd.exe,system,powershell.exe,"""cmd"" /Cpowershell -ExecutionPolicy Unrestricted -File script7.ps1"
"4/3/2025, 8:37:57.526 PM","4/3/2025, 8:38:41.949 PM",felix-win10,ConnectionFailed,10.0.0.121,REDACTED IP,cmd.exe,system,powershell.exe,"cmd.exe /c """"C:\Packages\Plugins\Microsoft.CPlat.Core.RunCommandWindows\1.1.18\enable.cmd"""""
"4/3/2025, 8:37:57.526 PM","4/3/2025, 8:38:49.534 PM",felix-win10,ConnectionFailed,10.0.0.121,REDACTED IP,powershell.exe,system,powershell.exe,powershell.exe  -ExecutionPolicy Bypass -File C:\programdata\portscan.ps1
"4/3/2025, 8:37:57.526 PM","4/3/2025, 8:38:42.394 PM",felix-win10,ConnectionFailed,10.0.0.121,REDACTED IP,cmd.exe,system,powershell.exe,"cmd  /C  C:\Packages\Plugins\Microsoft.CPlat.Core.RunCommandWindows\1.1.18\bin\RunCommandExtension.exe ""enable"""
"4/3/2025, 8:37:57.526 PM","4/3/2025, 8:38:42.056 PM",felix-win10,ConnectionFailed,10.0.0.121,REDACTED IP,powershell.exe,system,powershell.exe,powershell.exe  -NoProfile -NonInteractive -ExecutionPolicy RemoteSigned -File C:\Packages\Plugins\Microsoft.GuestConfiguration.ConfigurationforWindows\1.29.92.0\bin\enable.ps1 -StartAsyncProcess 
"4/3/2025, 8:37:57.526 PM","4/3/2025, 8:38:45.785 PM",felix-win10,ConnectionFailed,10.0.0.121,REDACTED IP,powershell.exe,system,powershell.exe,powershell.exe  -ExecutionPolicy Bypass -Command Invoke-WebRequest -Uri https://raw.githubusercontent.com/joshmadakor1/lognpacific-public/refs/heads/main/cyber-range/entropy-gorilla/portscan.ps1 -OutFile C:\programdata\portscan.ps1
"4/3/2025, 8:37:57.526 PM","4/3/2025, 8:38:49.515 PM",felix-win10,ConnectionFailed,10.0.0.121,REDACTED IP,cmd.exe,system,powershell.exe,"""cmd.exe"" /c powershell.exe -ExecutionPolicy Bypass -File C:\programdata\portscan.ps1"
"4/3/2025, 8:37:57.526 PM","4/3/2025, 8:38:41.945 PM",felix-win10,ConnectionFailed,10.0.0.121,REDACTED IP,cmd.exe,system,powershell.exe,"cmd.exe /c """"C:\Packages\Plugins\Microsoft.GuestConfiguration.ConfigurationforWindows\1.29.92.0\bin\enable.cmd"""""
"4/3/2025, 8:37:57.526 PM","4/3/2025, 8:38:45.760 PM",felix-win10,ConnectionFailed,10.0.0.121,REDACTED IP,cmd.exe,system,powershell.exe,"""cmd.exe"" /c powershell.exe -ExecutionPolicy Bypass -Command Invoke-WebRequest -Uri https://raw.githubusercontent.com/joshmadakor1/lognpacific-public/refs/heads/main/cyber-range/entropy-gorilla/portscan.ps1 -OutFile C:\programdata\portscan.ps1"
"4/3/2025, 6:32:30.382 PM","4/3/2025, 6:32:42.782 PM",felix-win10,ConnectionFailed,10.0.0.121,REDACTED IP,powershell.exe,system,senseimdscollector.exe,"powershell.exe -ExecutionPolicy AllSigned -NoProfile -NonInteractive -Command ""& {$OutputEncoding = [Console]::OutputEncoding =[System.Text.Encoding]::UTF8;$scriptFileStream = [System.IO.File]::Open('C:\ProgramData\Microsoft\Windows Defender Advanced Threat Protection\DataCollection\8795.12576079.0.12576079-4d3f5f0d0849f75f9ff1be7b0b8683c4e5c1a60a\05f2c576-9ed5-41eb-9b1e-1b653eebfdff.ps1', [System.IO.FileMode]::Open, [System.IO.FileAccess]::Read, [System.IO.FileShare]::Read);$calculatedHash = Microsoft.PowerShell.Utility\Get-FileHash 'C:\ProgramData\Microsoft\Windows Defender Advanced Threat Protection\DataCollection\8795.12576079.0.12576079-4d3f5f0d0849f75f9ff1be7b0b8683c4e5c1a60a\05f2c576-9ed5-41eb-9b1e-1b653eebfdff.ps1' -Algorithm SHA256;if (!($calculatedHash.Hash -eq '049842352aa516cf3e69cc8c34b799faa70bd7e7716ee9ae16d808860d3864c9')) { exit 323;}; . 'C:\ProgramData\Microsoft\Windows Defender Advanced Threat Protection\DataCollection\8795.12576079.0.12576079-4d3f5f0d0849f75f9ff1be7b0b8683c4e5c1a60a\05f2c576-9ed5-41eb-9b1e-1b653eebfdff.ps1' }"""
"4/3/2025, 6:32:30.382 PM","4/3/2025, 6:33:19.021 PM",felix-win10,ConnectionFailed,10.0.0.121,REDACTED IP,powershell.exe,system,senseimdscollector.exe,powershell.exe  -ExecutionPolicy Bypass -File C:\programdata\eicar.ps1
"4/3/2025, 6:32:30.382 PM","4/3/2025, 6:33:18.963 PM",felix-win10,ConnectionFailed,10.0.0.121,REDACTED IP,cmd.exe,system,senseimdscollector.exe,"""cmd.exe"" /c powershell.exe -ExecutionPolicy Bypass -File C:\programdata\eicar.ps1"
"4/3/2025, 6:32:30.382 PM","4/3/2025, 6:33:15.011 PM",felix-win10,ConnectionFailed,10.0.0.121,REDACTED IP,powershell.exe,system,senseimdscollector.exe,powershell.exe  -ExecutionPolicy Bypass -Command Invoke-WebRequest -Uri https://raw.githubusercontent.com/joshmadakor1/lognpacific-public/refs/heads/main/cyber-range/entropy-gorilla/eicar.ps1 -OutFile C:\programdata\eicar.ps1
"4/3/2025, 6:32:30.382 PM","4/3/2025, 6:33:14.929 PM",felix-win10,ConnectionFailed,10.0.0.121,REDACTED IP,cmd.exe,system,senseimdscollector.exe,"""cmd.exe"" /c powershell.exe -ExecutionPolicy Bypass -Command Invoke-WebRequest -Uri https://raw.githubusercontent.com/joshmadakor1/lognpacific-public/refs/heads/main/cyber-range/entropy-gorilla/eicar.ps1 -OutFile C:\programdata\eicar.ps1"
"4/3/2025, 6:32:30.382 PM","4/3/2025, 6:33:14.345 PM",felix-win10,ConnectionFailed,10.0.0.121,REDACTED IP,powershell.exe,system,senseimdscollector.exe,powershell  -ExecutionPolicy Unrestricted -File script4.ps1
"4/3/2025, 6:32:30.382 PM","4/3/2025, 6:33:14.271 PM",felix-win10,ConnectionFailed,10.0.0.121,REDACTED IP,cmd.exe,system,senseimdscollector.exe,"""cmd"" /Cpowershell -ExecutionPolicy Unrestricted -File script4.ps1"
"4/3/2025, 6:32:30.382 PM","4/3/2025, 6:33:12.430 PM",felix-win10,ConnectionFailed,10.0.0.121,REDACTED IP,cmd.exe,system,senseimdscollector.exe,"cmd  /C  C:\Packages\Plugins\Microsoft.CPlat.Core.RunCommandWindows\1.1.18\bin\RunCommandExtension.exe ""enable"""
"4/3/2025, 6:32:30.382 PM","4/3/2025, 6:33:12.324 PM",felix-win10,ConnectionFailed,10.0.0.121,REDACTED IP,cmd.exe,system,senseimdscollector.exe,"cmd.exe /c """"C:\Packages\Plugins\Microsoft.CPlat.Core.RunCommandWindows\1.1.18\enable.cmd"""""
"4/3/2025, 6:32:30.382 PM","4/3/2025, 6:33:12.026 PM",felix-win10,ConnectionFailed,10.0.0.121,REDACTED IP,powershell.exe,system,senseimdscollector.exe,powershell.exe  -NoProfile -NonInteractive -ExecutionPolicy RemoteSigned -File C:\Packages\Plugins\Microsoft.GuestConfiguration.ConfigurationforWindows\1.29.92.0\bin\enable.ps1 -StartAsyncProcess 
"4/3/2025, 6:32:30.382 PM","4/3/2025, 6:33:11.918 PM",felix-win10,ConnectionFailed,10.0.0.121,REDACTED IP,cmd.exe,system,senseimdscollector.exe,"cmd.exe /c """"C:\Packages\Plugins\Microsoft.GuestConfiguration.ConfigurationforWindows\1.29.92.0\bin\enable.cmd"""""
"4/3/2025, 6:34:47.043 AM","4/3/2025, 6:34:16.392 AM",felix-win10,ConnectionFailed,10.0.0.121,REDACTED IP,powershell.exe,system,msedge.exe,"powershell.exe -ExecutionPolicy AllSigned -NoProfile -NonInteractive -Command ""& {$OutputEncoding = [Console]::OutputEncoding =[System.Text.Encoding]::UTF8;$scriptFileStream = [System.IO.File]::Open('C:\ProgramData\Microsoft\Windows Defender Advanced Threat Protection\DataCollection\8795.12576079.0.12576079-4d3f5f0d0849f75f9ff1be7b0b8683c4e5c1a60a\aceb19ff-8484-4db4-b8f6-f5a8d03a8c4a.ps1', [System.IO.FileMode]::Open, [System.IO.FileAccess]::Read, [System.IO.FileShare]::Read);$calculatedHash = Microsoft.PowerShell.Utility\Get-FileHash 'C:\ProgramData\Microsoft\Windows Defender Advanced Threat Protection\DataCollection\8795.12576079.0.12576079-4d3f5f0d0849f75f9ff1be7b0b8683c4e5c1a60a\aceb19ff-8484-4db4-b8f6-f5a8d03a8c4a.ps1' -Algorithm SHA256;if (!($calculatedHash.Hash -eq 'ec94e9ae4ebfebf78db301a2c7e7d522738b6268e2d3d19cffefa9c7f5bff870')) { exit 323;}; . 'C:\ProgramData\Microsoft\Windows Defender Advanced Threat Protection\DataCollection\8795.12576079.0.12576079-4d3f5f0d0849f75f9ff1be7b0b8683c4e5c1a60a\aceb19ff-8484-4db4-b8f6-f5a8d03a8c4a.ps1' }"""
"4/3/2025, 6:34:47.042 AM","4/3/2025, 6:34:16.392 AM",felix-win10,ConnectionFailed,10.0.0.121,REDACTED IP,powershell.exe,system,msedge.exe,"powershell.exe -ExecutionPolicy AllSigned -NoProfile -NonInteractive -Command ""& {$OutputEncoding = [Console]::OutputEncoding =[System.Text.Encoding]::UTF8;$scriptFileStream = [System.IO.File]::Open('C:\ProgramData\Microsoft\Windows Defender Advanced Threat Protection\DataCollection\8795.12576079.0.12576079-4d3f5f0d0849f75f9ff1be7b0b8683c4e5c1a60a\aceb19ff-8484-4db4-b8f6-f5a8d03a8c4a.ps1', [System.IO.FileMode]::Open, [System.IO.FileAccess]::Read, [System.IO.FileShare]::Read);$calculatedHash = Microsoft.PowerShell.Utility\Get-FileHash 'C:\ProgramData\Microsoft\Windows Defender Advanced Threat Protection\DataCollection\8795.12576079.0.12576079-4d3f5f0d0849f75f9ff1be7b0b8683c4e5c1a60a\aceb19ff-8484-4db4-b8f6-f5a8d03a8c4a.ps1' -Algorithm SHA256;if (!($calculatedHash.Hash -eq 'ec94e9ae4ebfebf78db301a2c7e7d522738b6268e2d3d19cffefa9c7f5bff870')) { exit 323;}; . 'C:\ProgramData\Microsoft\Windows Defender Advanced Threat Protection\DataCollection\8795.12576079.0.12576079-4d3f5f0d0849f75f9ff1be7b0b8683c4e5c1a60a\aceb19ff-8484-4db4-b8f6-f5a8d03a8c4a.ps1' }"""
"4/3/2025, 6:34:47.042 AM","4/3/2025, 6:34:16.392 AM",felix-win10,ConnectionFailed,10.0.0.121,REDACTED IP,powershell.exe,system,msedge.exe,"powershell.exe -ExecutionPolicy AllSigned -NoProfile -NonInteractive -Command ""& {$OutputEncoding = [Console]::OutputEncoding =[System.Text.Encoding]::UTF8;$scriptFileStream = [System.IO.File]::Open('C:\ProgramData\Microsoft\Windows Defender Advanced Threat Protection\DataCollection\8795.12576079.0.12576079-4d3f5f0d0849f75f9ff1be7b0b8683c4e5c1a60a\aceb19ff-8484-4db4-b8f6-f5a8d03a8c4a.ps1', [System.IO.FileMode]::Open, [System.IO.FileAccess]::Read, [System.IO.FileShare]::Read);$calculatedHash = Microsoft.PowerShell.Utility\Get-FileHash 'C:\ProgramData\Microsoft\Windows Defender Advanced Threat Protection\DataCollection\8795.12576079.0.12576079-4d3f5f0d0849f75f9ff1be7b0b8683c4e5c1a60a\aceb19ff-8484-4db4-b8f6-f5a8d03a8c4a.ps1' -Algorithm SHA256;if (!($calculatedHash.Hash -eq 'ec94e9ae4ebfebf78db301a2c7e7d522738b6268e2d3d19cffefa9c7f5bff870')) { exit 323;}; . 'C:\ProgramData\Microsoft\Windows Defender Advanced Threat Protection\DataCollection\8795.12576079.0.12576079-4d3f5f0d0849f75f9ff1be7b0b8683c4e5c1a60a\aceb19ff-8484-4db4-b8f6-f5a8d03a8c4a.ps1' }"""
"4/3/2025, 5:42:03.358 AM","4/3/2025, 5:41:20.278 AM",felix-win10,ConnectionFailed,10.0.0.121,REDACTED IP,powershell.exe,system,svchost.exe,"powershell.exe -ExecutionPolicy AllSigned -NoProfile -NonInteractive -Command ""& {$OutputEncoding = [Console]::OutputEncoding =[System.Text.Encoding]::UTF8;$scriptFileStream = [System.IO.File]::Open('C:\ProgramData\Microsoft\Windows Defender Advanced Threat Protection\DataCollection\8795.12576079.0.12576079-4d3f5f0d0849f75f9ff1be7b0b8683c4e5c1a60a\fc19515e-4fbb-46d1-b1f4-a28b394632fe.ps1', [System.IO.FileMode]::Open, [System.IO.FileAccess]::Read, [System.IO.FileShare]::Read);$calculatedHash = Microsoft.PowerShell.Utility\Get-FileHash 'C:\ProgramData\Microsoft\Windows Defender Advanced Threat Protection\DataCollection\8795.12576079.0.12576079-4d3f5f0d0849f75f9ff1be7b0b8683c4e5c1a60a\fc19515e-4fbb-46d1-b1f4-a28b394632fe.ps1' -Algorithm SHA256;if (!($calculatedHash.Hash -eq '2a8f8e481a27d476adfc3099d06b5ff9da5d5f729ad8a8d97689c8c1dcd222b2')) { exit 323;}; . 'C:\ProgramData\Microsoft\Windows Defender Advanced Threat Protection\DataCollection\8795.12576079.0.12576079-4d3f5f0d0849f75f9ff1be7b0b8683c4e5c1a60a\fc19515e-4fbb-46d1-b1f4-a28b394632fe.ps1' }"""
"4/3/2025, 5:09:23.672 AM","4/3/2025, 5:10:18.954 AM",felix-win10,ConnectionFailed,10.0.0.121,REDACTED IP,powershell.exe,system,svchost.exe,"powershell.exe -ExecutionPolicy AllSigned -NoProfile -NonInteractive -Command ""& {$OutputEncoding = [Console]::OutputEncoding =[System.Text.Encoding]::UTF8;$scriptFileStream = [System.IO.File]::Open('C:\ProgramData\Microsoft\Windows Defender Advanced Threat Protection\DataCollection\8795.12576079.0.12576079-4d3f5f0d0849f75f9ff1be7b0b8683c4e5c1a60a\211ef051-ecf9-4b99-9eed-76e45a831a19.ps1', [System.IO.FileMode]::Open, [System.IO.FileAccess]::Read, [System.IO.FileShare]::Read);$calculatedHash = Microsoft.PowerShell.Utility\Get-FileHash 'C:\ProgramData\Microsoft\Windows Defender Advanced Threat Protection\DataCollection\8795.12576079.0.12576079-4d3f5f0d0849f75f9ff1be7b0b8683c4e5c1a60a\211ef051-ecf9-4b99-9eed-76e45a831a19.ps1' -Algorithm SHA256;if (!($calculatedHash.Hash -eq 'a4a511f390e72077eb225d372473e355e6f25968a92a6c7e20d97aaccd9bab36')) { exit 323;}; . 'C:\ProgramData\Microsoft\Windows Defender Advanced Threat Protection\DataCollection\8795.12576079.0.12576079-4d3f5f0d0849f75f9ff1be7b0b8683c4e5c1a60a\211ef051-ecf9-4b99-9eed-76e45a831a19.ps1' }"""
"4/3/2025, 4:56:56.198 AM","4/3/2025, 4:56:31.323 AM",felix-win10,ConnectionFailed,10.0.0.121,REDACTED IP,cmd.exe,system,taskhostw.exe,"""cmd.exe"""
"4/3/2025, 4:35:09.565 AM","4/3/2025, 4:34:17.179 AM",felix-win10,ConnectionFailed,10.0.0.121,REDACTED IP,powershell.exe,system,taskhostw.exe,"powershell.exe -ExecutionPolicy AllSigned -NoProfile -NonInteractive -Command ""& {$OutputEncoding = [Console]::OutputEncoding =[System.Text.Encoding]::UTF8;$scriptFileStream = [System.IO.File]::Open('C:\ProgramData\Microsoft\Windows Defender Advanced Threat Protection\DataCollection\8795.12576079.0.12576079-4d3f5f0d0849f75f9ff1be7b0b8683c4e5c1a60a\7b060674-6027-411f-86aa-13a75308bdb2.ps1', [System.IO.FileMode]::Open, [System.IO.FileAccess]::Read, [System.IO.FileShare]::Read);$calculatedHash = Microsoft.PowerShell.Utility\Get-FileHash 'C:\ProgramData\Microsoft\Windows Defender Advanced Threat Protection\DataCollection\8795.12576079.0.12576079-4d3f5f0d0849f75f9ff1be7b0b8683c4e5c1a60a\7b060674-6027-411f-86aa-13a75308bdb2.ps1' -Algorithm SHA256;if (!($calculatedHash.Hash -eq 'b43a34816b030cd35aa7c372f998cfd642b7ce79ddd2b802747d936bc74b196b')) { exit 323;}; . 'C:\ProgramData\Microsoft\Windows Defender Advanced Threat Protection\DataCollection\8795.12576079.0.12576079-4d3f5f0d0849f75f9ff1be7b0b8683c4e5c1a60a\7b060674-6027-411f-86aa-13a75308bdb2.ps1' }"""
"4/3/2025, 4:19:56.700 AM","4/3/2025, 4:20:13.406 AM",felix-win10,ConnectionFailed,10.0.0.121,REDACTED IP,powershell.exe,local service,taskhostw.exe,"powershell.exe -ExecutionPolicy AllSigned -NoProfile -NonInteractive -Command ""& {$OutputEncoding = [Console]::OutputEncoding =[System.Text.Encoding]::UTF8;$scriptFileStream = [System.IO.File]::Open('C:\ProgramData\Microsoft\Windows Defender Advanced Threat Protection\DataCollection\8795.12576079.0.12576079-4d3f5f0d0849f75f9ff1be7b0b8683c4e5c1a60a\046a3caf-d9ec-4da6-a32a-fb148992596b.ps1', [System.IO.FileMode]::Open, [System.IO.FileAccess]::Read, [System.IO.FileShare]::Read);$calculatedHash = Microsoft.PowerShell.Utility\Get-FileHash 'C:\ProgramData\Microsoft\Windows Defender Advanced Threat Protection\DataCollection\8795.12576079.0.12576079-4d3f5f0d0849f75f9ff1be7b0b8683c4e5c1a60a\046a3caf-d9ec-4da6-a32a-fb148992596b.ps1' -Algorithm SHA256;if (!($calculatedHash.Hash -eq 'e05bbef84d71bd0fdadf3a38fdb3736e1412ffe85e18c29eef67f984042a938d')) { exit 323;}; . 'C:\ProgramData\Microsoft\Windows Defender Advanced Threat Protection\DataCollection\8795.12576079.0.12576079-4d3f5f0d0849f75f9ff1be7b0b8683c4e5c1a60a\046a3caf-d9ec-4da6-a32a-fb148992596b.ps1' }"""
"4/3/2025, 4:19:55.354 AM","4/3/2025, 4:20:13.406 AM",felix-win10,ConnectionFailed,10.0.0.121,REDACTED IP,powershell.exe,local service,compattelrunner.exe,"powershell.exe -ExecutionPolicy AllSigned -NoProfile -NonInteractive -Command ""& {$OutputEncoding = [Console]::OutputEncoding =[System.Text.Encoding]::UTF8;$scriptFileStream = [System.IO.File]::Open('C:\ProgramData\Microsoft\Windows Defender Advanced Threat Protection\DataCollection\8795.12576079.0.12576079-4d3f5f0d0849f75f9ff1be7b0b8683c4e5c1a60a\046a3caf-d9ec-4da6-a32a-fb148992596b.ps1', [System.IO.FileMode]::Open, [System.IO.FileAccess]::Read, [System.IO.FileShare]::Read);$calculatedHash = Microsoft.PowerShell.Utility\Get-FileHash 'C:\ProgramData\Microsoft\Windows Defender Advanced Threat Protection\DataCollection\8795.12576079.0.12576079-4d3f5f0d0849f75f9ff1be7b0b8683c4e5c1a60a\046a3caf-d9ec-4da6-a32a-fb148992596b.ps1' -Algorithm SHA256;if (!($calculatedHash.Hash -eq 'e05bbef84d71bd0fdadf3a38fdb3736e1412ffe85e18c29eef67f984042a938d')) { exit 323;}; . 'C:\ProgramData\Microsoft\Windows Defender Advanced Threat Protection\DataCollection\8795.12576079.0.12576079-4d3f5f0d0849f75f9ff1be7b0b8683c4e5c1a60a\046a3caf-d9ec-4da6-a32a-fb148992596b.ps1' }"""
"4/3/2025, 4:19:45.306 AM","4/3/2025, 4:20:13.406 AM",felix-win10,ConnectionFailed,10.0.0.121,REDACTED IP,powershell.exe,local service,compattelrunner.exe,"powershell.exe -ExecutionPolicy AllSigned -NoProfile -NonInteractive -Command ""& {$OutputEncoding = [Console]::OutputEncoding =[System.Text.Encoding]::UTF8;$scriptFileStream = [System.IO.File]::Open('C:\ProgramData\Microsoft\Windows Defender Advanced Threat Protection\DataCollection\8795.12576079.0.12576079-4d3f5f0d0849f75f9ff1be7b0b8683c4e5c1a60a\046a3caf-d9ec-4da6-a32a-fb148992596b.ps1', [System.IO.FileMode]::Open, [System.IO.FileAccess]::Read, [System.IO.FileShare]::Read);$calculatedHash = Microsoft.PowerShell.Utility\Get-FileHash 'C:\ProgramData\Microsoft\Windows Defender Advanced Threat Protection\DataCollection\8795.12576079.0.12576079-4d3f5f0d0849f75f9ff1be7b0b8683c4e5c1a60a\046a3caf-d9ec-4da6-a32a-fb148992596b.ps1' -Algorithm SHA256;if (!($calculatedHash.Hash -eq 'e05bbef84d71bd0fdadf3a38fdb3736e1412ffe85e18c29eef67f984042a938d')) { exit 323;}; . 'C:\ProgramData\Microsoft\Windows Defender Advanced Threat Protection\DataCollection\8795.12576079.0.12576079-4d3f5f0d0849f75f9ff1be7b0b8683c4e5c1a60a\046a3caf-d9ec-4da6-a32a-fb148992596b.ps1' }"""
"4/3/2025, 3:39:22.901 AM","4/3/2025, 3:40:25.736 AM",felix-win10,ConnectionFailed,10.0.0.121,REDACTED IP,cmd.exe,system,svchost.exe,"""cmd.exe"""
"4/3/2025, 2:47:51.598 AM","4/3/2025, 2:47:17.564 AM",felix-win10,ConnectionFailed,10.0.0.121,REDACTED IP,powershell.exe,local service,powershell.exe,"powershell.exe -ExecutionPolicy AllSigned -NoProfile -NonInteractive -Command ""& {$OutputEncoding = [Console]::OutputEncoding =[System.Text.Encoding]::UTF8;$scriptFileStream = [System.IO.File]::Open('C:\ProgramData\Microsoft\Windows Defender Advanced Threat Protection\DataCollection\8795.12576079.0.12576079-4d3f5f0d0849f75f9ff1be7b0b8683c4e5c1a60a\36dc1ba5-2d7a-4cc0-8b07-8b26d1899492.ps1', [System.IO.FileMode]::Open, [System.IO.FileAccess]::Read, [System.IO.FileShare]::Read);$calculatedHash = Microsoft.PowerShell.Utility\Get-FileHash 'C:\ProgramData\Microsoft\Windows Defender Advanced Threat Protection\DataCollection\8795.12576079.0.12576079-4d3f5f0d0849f75f9ff1be7b0b8683c4e5c1a60a\36dc1ba5-2d7a-4cc0-8b07-8b26d1899492.ps1' -Algorithm SHA256;if (!($calculatedHash.Hash -eq 'a2bdbc64446ab9fb7acb4def4cdfa67ba37410dce6199c9ee8ba914445999119')) { exit 323;}; . 'C:\ProgramData\Microsoft\Windows Defender Advanced Threat Protection\DataCollection\8795.12576079.0.12576079-4d3f5f0d0849f75f9ff1be7b0b8683c4e5c1a60a\36dc1ba5-2d7a-4cc0-8b07-8b26d1899492.ps1' }"""
"4/3/2025, 2:47:46.380 AM","4/3/2025, 2:47:17.564 AM",felix-win10,ConnectionFailed,10.0.0.121,REDACTED IP,powershell.exe,local service,svchost.exe,"powershell.exe -ExecutionPolicy AllSigned -NoProfile -NonInteractive -Command ""& {$OutputEncoding = [Console]::OutputEncoding =[System.Text.Encoding]::UTF8;$scriptFileStream = [System.IO.File]::Open('C:\ProgramData\Microsoft\Windows Defender Advanced Threat Protection\DataCollection\8795.12576079.0.12576079-4d3f5f0d0849f75f9ff1be7b0b8683c4e5c1a60a\36dc1ba5-2d7a-4cc0-8b07-8b26d1899492.ps1', [System.IO.FileMode]::Open, [System.IO.FileAccess]::Read, [System.IO.FileShare]::Read);$calculatedHash = Microsoft.PowerShell.Utility\Get-FileHash 'C:\ProgramData\Microsoft\Windows Defender Advanced Threat Protection\DataCollection\8795.12576079.0.12576079-4d3f5f0d0849f75f9ff1be7b0b8683c4e5c1a60a\36dc1ba5-2d7a-4cc0-8b07-8b26d1899492.ps1' -Algorithm SHA256;if (!($calculatedHash.Hash -eq 'a2bdbc64446ab9fb7acb4def4cdfa67ba37410dce6199c9ee8ba914445999119')) { exit 323;}; . 'C:\ProgramData\Microsoft\Windows Defender Advanced Threat Protection\DataCollection\8795.12576079.0.12576079-4d3f5f0d0849f75f9ff1be7b0b8683c4e5c1a60a\36dc1ba5-2d7a-4cc0-8b07-8b26d1899492.ps1' }"""
"4/3/2025, 2:47:27.494 AM","4/3/2025, 2:47:17.564 AM",felix-win10,ConnectionFailed,10.0.0.121,REDACTED IP,powershell.exe,local service,taskhostw.exe,"powershell.exe -ExecutionPolicy AllSigned -NoProfile -NonInteractive -Command ""& {$OutputEncoding = [Console]::OutputEncoding =[System.Text.Encoding]::UTF8;$scriptFileStream = [System.IO.File]::Open('C:\ProgramData\Microsoft\Windows Defender Advanced Threat Protection\DataCollection\8795.12576079.0.12576079-4d3f5f0d0849f75f9ff1be7b0b8683c4e5c1a60a\36dc1ba5-2d7a-4cc0-8b07-8b26d1899492.ps1', [System.IO.FileMode]::Open, [System.IO.FileAccess]::Read, [System.IO.FileShare]::Read);$calculatedHash = Microsoft.PowerShell.Utility\Get-FileHash 'C:\ProgramData\Microsoft\Windows Defender Advanced Threat Protection\DataCollection\8795.12576079.0.12576079-4d3f5f0d0849f75f9ff1be7b0b8683c4e5c1a60a\36dc1ba5-2d7a-4cc0-8b07-8b26d1899492.ps1' -Algorithm SHA256;if (!($calculatedHash.Hash -eq 'a2bdbc64446ab9fb7acb4def4cdfa67ba37410dce6199c9ee8ba914445999119')) { exit 323;}; . 'C:\ProgramData\Microsoft\Windows Defender Advanced Threat Protection\DataCollection\8795.12576079.0.12576079-4d3f5f0d0849f75f9ff1be7b0b8683c4e5c1a60a\36dc1ba5-2d7a-4cc0-8b07-8b26d1899492.ps1' }"""
"4/3/2025, 2:46:17.696 AM","4/3/2025, 2:47:17.564 AM",felix-win10,ConnectionFailed,10.0.0.121,REDACTED IP,powershell.exe,local service,svchost.exe,"powershell.exe -ExecutionPolicy AllSigned -NoProfile -NonInteractive -Command ""& {$OutputEncoding = [Console]::OutputEncoding =[System.Text.Encoding]::UTF8;$scriptFileStream = [System.IO.File]::Open('C:\ProgramData\Microsoft\Windows Defender Advanced Threat Protection\DataCollection\8795.12576079.0.12576079-4d3f5f0d0849f75f9ff1be7b0b8683c4e5c1a60a\36dc1ba5-2d7a-4cc0-8b07-8b26d1899492.ps1', [System.IO.FileMode]::Open, [System.IO.FileAccess]::Read, [System.IO.FileShare]::Read);$calculatedHash = Microsoft.PowerShell.Utility\Get-FileHash 'C:\ProgramData\Microsoft\Windows Defender Advanced Threat Protection\DataCollection\8795.12576079.0.12576079-4d3f5f0d0849f75f9ff1be7b0b8683c4e5c1a60a\36dc1ba5-2d7a-4cc0-8b07-8b26d1899492.ps1' -Algorithm SHA256;if (!($calculatedHash.Hash -eq 'a2bdbc64446ab9fb7acb4def4cdfa67ba37410dce6199c9ee8ba914445999119')) { exit 323;}; . 'C:\ProgramData\Microsoft\Windows Defender Advanced Threat Protection\DataCollection\8795.12576079.0.12576079-4d3f5f0d0849f75f9ff1be7b0b8683c4e5c1a60a\36dc1ba5-2d7a-4cc0-8b07-8b26d1899492.ps1' }"""
"4/3/2025, 2:32:46.215 AM","4/3/2025, 2:32:24.680 AM",felix-win10,ConnectionFailed,10.0.0.121,REDACTED IP,cmd.exe,system,svchost.exe,"""cmd.exe"""
"4/3/2025, 1:07:45.282 AM","4/3/2025, 1:06:17.596 AM",felix-win10,ConnectionFailed,10.0.0.121,REDACTED IP,powershell.exe,system,svchost.exe,"""powershell.exe"" -noninteractive -outputFormat xml -NonInteractive -encodedCommand IABbAEUAbgB2AGkAcgBvAG4AbQBlAG4AdABdADoAOgBPAFMAVgBlAHIAcwBpAG8AbgAuAFYAZQByAHMAaQBvAG4AIAA= -inputFormat xml"
"4/3/2025, 1:07:45.282 AM","4/3/2025, 1:06:02.745 AM",felix-win10,ConnectionFailed,10.0.0.121,REDACTED IP,powershell.exe,system,svchost.exe,"""powershell.exe"" -noninteractive -outputFormat xml -NonInteractive -encodedCommand IABbAEUAbgB2AGkAcgBvAG4AbQBlAG4AdABdADoAOgBPAFMAVgBlAHIAcwBpAG8AbgAuAFYAZQByAHMAaQBvAG4AIAA= -inputFormat xml"
"4/3/2025, 1:07:45.281 AM","4/3/2025, 1:06:17.596 AM",felix-win10,ConnectionFailed,10.0.0.121,REDACTED IP,powershell.exe,system,svchost.exe,"""powershell.exe"" -noninteractive -outputFormat xml -NonInteractive -encodedCommand IABbAEUAbgB2AGkAcgBvAG4AbQBlAG4AdABdADoAOgBPAFMAVgBlAHIAcwBpAG8AbgAuAFYAZQByAHMAaQBvAG4AIAA= -inputFormat xml"
"4/3/2025, 1:07:45.281 AM","4/3/2025, 1:06:02.745 AM",felix-win10,ConnectionFailed,10.0.0.121,REDACTED IP,powershell.exe,system,svchost.exe,"""powershell.exe"" -noninteractive -outputFormat xml -NonInteractive -encodedCommand IABbAEUAbgB2AGkAcgBvAG4AbQBlAG4AdABdADoAOgBPAFMAVgBlAHIAcwBpAG8AbgAuAFYAZQByAHMAaQBvAG4AIAA= -inputFormat xml"
"4/3/2025, 12:08:32.464 AM","4/3/2025, 12:07:49.434 AM",felix-win10,ConnectionFailed,10.0.0.121,REDACTED IP,powershell.exe,system,svchost.exe,"powershell.exe -ExecutionPolicy AllSigned -NoProfile -NonInteractive -Command ""& {$OutputEncoding = [Console]::OutputEncoding =[System.Text.Encoding]::UTF8;$scriptFileStream = [System.IO.File]::Open('C:\ProgramData\Microsoft\Windows Defender Advanced Threat Protection\DataCollection\8795.12576079.0.12576079-4d3f5f0d0849f75f9ff1be7b0b8683c4e5c1a60a\acd1e8f4-3c26-49a7-bec8-9d7a15e1a6d2.ps1', [System.IO.FileMode]::Open, [System.IO.FileAccess]::Read, [System.IO.FileShare]::Read);$calculatedHash = Microsoft.PowerShell.Utility\Get-FileHash 'C:\ProgramData\Microsoft\Windows Defender Advanced Threat Protection\DataCollection\8795.12576079.0.12576079-4d3f5f0d0849f75f9ff1be7b0b8683c4e5c1a60a\acd1e8f4-3c26-49a7-bec8-9d7a15e1a6d2.ps1' -Algorithm SHA256;if (!($calculatedHash.Hash -eq 'ebe31283ce2a98b91e8b0fbfdf19405d505aebdb8370b8ced5ab75f427b6e8fd')) { exit 323;}; . 'C:\ProgramData\Microsoft\Windows Defender Advanced Threat Protection\DataCollection\8795.12576079.0.12576079-4d3f5f0d0849f75f9ff1be7b0b8683c4e5c1a60a\acd1e8f4-3c26-49a7-bec8-9d7a15e1a6d2.ps1' }"""
"4/3/2025, 12:08:32.464 AM","4/3/2025, 12:07:49.434 AM",felix-win10,ConnectionFailed,10.0.0.121,REDACTED IP,powershell.exe,system,svchost.exe,"powershell.exe -ExecutionPolicy AllSigned -NoProfile -NonInteractive -Command ""& {$OutputEncoding = [Console]::OutputEncoding =[System.Text.Encoding]::UTF8;$scriptFileStream = [System.IO.File]::Open('C:\ProgramData\Microsoft\Windows Defender Advanced Threat Protection\DataCollection\8795.12576079.0.12576079-4d3f5f0d0849f75f9ff1be7b0b8683c4e5c1a60a\acd1e8f4-3c26-49a7-bec8-9d7a15e1a6d2.ps1', [System.IO.FileMode]::Open, [System.IO.FileAccess]::Read, [System.IO.FileShare]::Read);$calculatedHash = Microsoft.PowerShell.Utility\Get-FileHash 'C:\ProgramData\Microsoft\Windows Defender Advanced Threat Protection\DataCollection\8795.12576079.0.12576079-4d3f5f0d0849f75f9ff1be7b0b8683c4e5c1a60a\acd1e8f4-3c26-49a7-bec8-9d7a15e1a6d2.ps1' -Algorithm SHA256;if (!($calculatedHash.Hash -eq 'ebe31283ce2a98b91e8b0fbfdf19405d505aebdb8370b8ced5ab75f427b6e8fd')) { exit 323;}; . 'C:\ProgramData\Microsoft\Windows Defender Advanced Threat Protection\DataCollection\8795.12576079.0.12576079-4d3f5f0d0849f75f9ff1be7b0b8683c4e5c1a60a\acd1e8f4-3c26-49a7-bec8-9d7a15e1a6d2.ps1' }"""
"4/3/2025, 12:00:26.966 AM","4/3/2025, 12:01:19.041 AM",felix-win10,ConnectionFailed,10.0.0.121,REDACTED IP,powershell.exe,system,svchost.exe,"powershell.exe -ExecutionPolicy AllSigned -NoProfile -NonInteractive -Command ""& {$OutputEncoding = [Console]::OutputEncoding =[System.Text.Encoding]::UTF8;$scriptFileStream = [System.IO.File]::Open('C:\ProgramData\Microsoft\Windows Defender Advanced Threat Protection\DataCollection\8795.12576079.0.12576079-4d3f5f0d0849f75f9ff1be7b0b8683c4e5c1a60a\cb7aec68-dfca-4632-88ad-5b019cb0957d.ps1', [System.IO.FileMode]::Open, [System.IO.FileAccess]::Read, [System.IO.FileShare]::Read);$calculatedHash = Microsoft.PowerShell.Utility\Get-FileHash 'C:\ProgramData\Microsoft\Windows Defender Advanced Threat Protection\DataCollection\8795.12576079.0.12576079-4d3f5f0d0849f75f9ff1be7b0b8683c4e5c1a60a\cb7aec68-dfca-4632-88ad-5b019cb0957d.ps1' -Algorithm SHA256;if (!($calculatedHash.Hash -eq 'd7bed83c4d48432cf1f3fd5ac190705a5e1fef8a4b4a26aae306832232d464bc')) { exit 323;}; . 'C:\ProgramData\Microsoft\Windows Defender Advanced Threat Protection\DataCollection\8795.12576079.0.12576079-4d3f5f0d0849f75f9ff1be7b0b8683c4e5c1a60a\cb7aec68-dfca-4632-88ad-5b019cb0957d.ps1' }"""
"4/2/2025, 11:58:08.390 PM","4/2/2025, 11:57:38.831 PM",felix-win10,ConnectionFailed,10.0.0.121,REDACTED IP,powershell.exe,system,backgroundtaskhost.exe,"powershell.exe -ExecutionPolicy AllSigned -NoProfile -NonInteractive -Command ""& {$OutputEncoding = [Console]::OutputEncoding =[System.Text.Encoding]::UTF8;$scriptFileStream = [System.IO.File]::Open('C:\ProgramData\Microsoft\Windows Defender Advanced Threat Protection\DataCollection\8795.12576079.0.12576079-4d3f5f0d0849f75f9ff1be7b0b8683c4e5c1a60a\3fa4876e-3ae5-4c59-9a4d-08a7400268a5.ps1', [System.IO.FileMode]::Open, [System.IO.FileAccess]::Read, [System.IO.FileShare]::Read);$calculatedHash = Microsoft.PowerShell.Utility\Get-FileHash 'C:\ProgramData\Microsoft\Windows Defender Advanced Threat Protection\DataCollection\8795.12576079.0.12576079-4d3f5f0d0849f75f9ff1be7b0b8683c4e5c1a60a\3fa4876e-3ae5-4c59-9a4d-08a7400268a5.ps1' -Algorithm SHA256;if (!($calculatedHash.Hash -eq '572b2a22301851acc887be0bcd1575208a4233303fc9abbf5c0c0ee9e18b5347')) { exit 323;}; . 'C:\ProgramData\Microsoft\Windows Defender Advanced Threat Protection\DataCollection\8795.12576079.0.12576079-4d3f5f0d0849f75f9ff1be7b0b8683c4e5c1a60a\3fa4876e-3ae5-4c59-9a4d-08a7400268a5.ps1' }"""
"4/2/2025, 11:03:36.376 PM","4/2/2025, 11:04:09.755 PM",felix-win10,ConnectionFailed,10.0.0.121,REDACTED IP,powershell.exe,system,svchost.exe,"""powershell.exe"" -noninteractive -outputFormat xml -NonInteractive -encodedCommand IABbAEUAbgB2AGkAcgBvAG4AbQBlAG4AdABdADoAOgBPAFMAVgBlAHIAcwBpAG8AbgAuAFYAZQByAHMAaQBvAG4AIAA= -inputFormat xml"
"4/2/2025, 11:03:36.376 PM","4/2/2025, 11:03:29.621 PM",felix-win10,ConnectionFailed,10.0.0.121,REDACTED IP,cmd.exe,system,svchost.exe,"""cmd.exe"""
"4/2/2025, 11:03:36.376 PM","4/2/2025, 11:03:55.503 PM",felix-win10,ConnectionFailed,10.0.0.121,REDACTED IP,powershell.exe,system,svchost.exe,"""powershell.exe"" -noninteractive -outputFormat xml -NonInteractive -encodedCommand IABbAEUAbgB2AGkAcgBvAG4AbQBlAG4AdABdADoAOgBPAFMAVgBlAHIAcwBpAG8AbgAuAFYAZQByAHMAaQBvAG4AIAA= -inputFormat xml"
"4/2/2025, 11:03:36.376 PM","4/2/2025, 11:03:55.503 PM",felix-win10,ConnectionFailed,10.0.0.121,REDACTED IP,powershell.exe,system,svchost.exe,"""powershell.exe"" -noninteractive -outputFormat xml -NonInteractive -encodedCommand IABbAEUAbgB2AGkAcgBvAG4AbQBlAG4AdABdADoAOgBPAFMAVgBlAHIAcwBpAG8AbgAuAFYAZQByAHMAaQBvAG4AIAA= -inputFormat xml"
"4/2/2025, 11:03:36.376 PM","4/2/2025, 11:04:09.755 PM",felix-win10,ConnectionFailed,10.0.0.121,REDACTED IP,powershell.exe,system,svchost.exe,"""powershell.exe"" -noninteractive -outputFormat xml -NonInteractive -encodedCommand IABbAEUAbgB2AGkAcgBvAG4AbQBlAG4AdABdADoAOgBPAFMAVgBlAHIAcwBpAG8AbgAuAFYAZQByAHMAaQBvAG4AIAA= -inputFormat xml"
"4/2/2025, 11:03:36.376 PM","4/2/2025, 11:03:29.621 PM",felix-win10,ConnectionFailed,10.0.0.121,REDACTED IP,cmd.exe,system,svchost.exe,"""cmd.exe"""
"4/2/2025, 10:03:23.467 PM","4/2/2025, 10:03:17.440 PM",felix-win10,ConnectionFailed,10.0.0.121,REDACTED IP,powershell.exe,system,gc_worker.exe,"""powershell.exe"" -noninteractive -outputFormat xml -NonInteractive -encodedCommand IABbAEUAbgB2AGkAcgBvAG4AbQBlAG4AdABdADoAOgBPAFMAVgBlAHIAcwBpAG8AbgAuAFYAZQByAHMAaQBvAG4AIAA= -inputFormat xml"
"4/2/2025, 10:03:23.467 PM","4/2/2025, 10:03:00.852 PM",felix-win10,ConnectionFailed,10.0.0.121,REDACTED IP,powershell.exe,system,gc_worker.exe,"""powershell.exe"" -noninteractive -outputFormat xml -NonInteractive -encodedCommand IABbAEUAbgB2AGkAcgBvAG4AbQBlAG4AdABdADoAOgBPAFMAVgBlAHIAcwBpAG8AbgAuAFYAZQByAHMAaQBvAG4AIAA= -inputFormat xml"
"4/2/2025, 10:00:59.653 PM","4/2/2025, 10:01:15.731 PM",felix-win10,ConnectionFailed,10.0.0.121,REDACTED IP,cmd.exe,system,collectguestlogs.exe,"""cmd.exe"""
"4/2/2025, 10:00:59.651 PM","4/2/2025, 10:01:15.731 PM",felix-win10,ConnectionFailed,10.0.0.121,REDACTED IP,cmd.exe,system,collectguestlogs.exe,"""cmd.exe"""
