TimeGenerated [UTC],DeviceName,ActionType,LocalIP,LocalPort,RemoteIP,RemotePort,InitiatingProcessFileName,failed_connections
"4/2/2025, 9:40:18.337 PM",felix-win10,ConnectionFailed,10.0.0.121,51259,REDACTED IP,80,windowsazureguestagent.exe,1
"4/2/2025, 9:40:19.358 PM",felix-win10,ConnectionFailed,10.0.0.121,51260,REDACTED IP,32526,windowsazureguestagent.exe,1
"4/2/2025, 9:40:20.649 PM",felix-win10,ConnectionFailed,10.0.0.121,51261,REDACTED IP,443,windowsazureguestagent.exe,1
"4/2/2025, 9:40:32.270 PM",felix-win10,ConnectionFailed,10.0.0.121,51265,REDACTED IP,443,backgroundtaskhost.exe,1
"4/2/2025, 9:40:32.270 PM",felix-win10,ConnectionFailed,10.0.0.121,51266,REDACTED IP,443,backgroundtaskhost.exe,1
"4/2/2025, 9:40:36.999 PM",felix-win10,ConnectionFailed,10.0.0.121,51267,REDACTED IP,80,waappagent.exe,1
"4/2/2025, 9:40:42.051 PM",felix-win10,ConnectionFailed,10.0.0.121,51271,REDACTED IP,80,windowsazureguestagent.exe,1
"4/2/2025, 9:40:43.040 PM",felix-win10,ConnectionFailed,10.0.0.121,51273,REDACTED IP,80,waappagent.exe,1
"4/2/2025, 9:40:56.591 PM",felix-win10,ConnectionFailed,10.0.0.121,51285,REDACTED IP,32526,waappagent.exe,1
"4/2/2025, 9:41:59.540 PM",felix-win10,ConnectionFailed,10.0.0.121,51311,REDACTED IP,443,svchost.exe,1
"4/2/2025, 9:42:05.186 PM",felix-win10,ConnectionFailed,10.0.0.121,51315,REDACTED IP,80,gc_service.exe,1
"4/2/2025, 9:43:07.807 PM",felix-win10,ConnectionFailed,10.0.0.121,51350,REDACTED IP,443,backgroundtaskhost.exe,1
"4/2/2025, 9:44:59.824 PM",felix-win10,ConnectionFailed,10.0.0.121,51415,REDACTED IP,443,onedrivestandaloneupdater.exe,1
"4/2/2025, 9:48:52.763 PM",felix-win10,ConnectionFailed,10.0.0.121,51526,REDACTED IP,443,svchost.exe,1
"4/2/2025, 9:48:55.768 PM",felix-win10,ConnectionFailed,10.0.0.121,51528,REDACTED IP,443,svchost.exe,1
"4/2/2025, 9:49:03.786 PM",felix-win10,ConnectionFailed,10.0.0.121,51532,REDACTED IP,443,svchost.exe,1
"4/2/2025, 9:49:32.788 PM",felix-win10,ConnectionFailed,10.0.0.121,51546,REDACTED IP,443,svchost.exe,1
"4/2/2025, 9:50:47.800 PM",felix-win10,ConnectionFailed,10.0.0.121,51583,REDACTED IP,443,svchost.exe,1
"4/2/2025, 9:54:19.822 PM",felix-win10,ConnectionFailed,10.0.0.121,51684,REDACTED IP,443,svchost.exe,1
"4/2/2025, 9:58:51.394 PM",felix-win10,ConnectionFailed,10.0.0.121,51815,REDACTED IP,80,wasecagentprov.exe,1
"4/2/2025, 9:59:46.316 PM",felix-win10,ConnectionFailed,10.0.0.121,51882,REDACTED IP,443,msedge.exe,1
"4/2/2025, 9:59:46.316 PM",felix-win10,ConnectionFailed,10.0.0.121,51883,REDACTED IP,443,msedge.exe,1
"4/2/2025, 10:00:59.651 PM",felix-win10,ConnectionFailed,10.0.0.121,51976,REDACTED IP,80,collectguestlogs.exe,1
"4/2/2025, 10:00:59.653 PM",felix-win10,ConnectionFailed,10.0.0.121,51977,REDACTED IP,32526,collectguestlogs.exe,1
"4/2/2025, 10:03:23.467 PM",felix-win10,ConnectionFailed,10.0.0.121,52158,REDACTED IP,80,gc_worker.exe,1
"4/2/2025, 10:05:31.499 PM",felix-win10,ConnectionFailed,10.0.0.121,52256,REDACTED IP,80,svchost.exe,1
"4/2/2025, 10:09:19.955 PM",felix-win10,ConnectionFailed,10.0.0.121,52391,REDACTED IP,443,svchost.exe,1
"4/2/2025, 10:24:20.093 PM",felix-win10,ConnectionFailed,10.0.0.121,52824,REDACTED IP,443,svchost.exe,1
"4/2/2025, 10:37:09.818 PM",felix-win10,ConnectionFailed,10.0.0.121,53190,REDACTED IP,80,svchost.exe,1
"4/2/2025, 10:37:09.818 PM",felix-win10,ConnectionFailed,10.0.0.121,53191,REDACTED IP,80,svchost.exe,1
"4/2/2025, 10:37:09.818 PM",felix-win10,ConnectionFailed,10.0.0.121,53192,REDACTED IP,80,svchost.exe,1
"4/2/2025, 10:37:09.818 PM",felix-win10,ConnectionFailed,10.0.0.121,53193,REDACTED IP,80,svchost.exe,1
"4/2/2025, 10:37:09.818 PM",felix-win10,ConnectionFailed,10.0.0.121,53194,REDACTED IP,80,svchost.exe,1
"4/2/2025, 10:39:20.220 PM",felix-win10,ConnectionFailed,10.0.0.121,53260,REDACTED IP,443,svchost.exe,1
"4/2/2025, 10:40:30.610 PM",felix-win10,ConnectionFailed,10.0.0.121,53293,REDACTED IP,443,mousocoreworker.exe,1
"4/2/2025, 10:40:31.927 PM",felix-win10,ConnectionFailed,10.0.0.121,53301,REDACTED IP,443,mousocoreworker.exe,1
"4/2/2025, 10:40:32.646 PM",felix-win10,ConnectionFailed,10.0.0.121,53302,REDACTED IP,443,svchost.exe,1
"4/2/2025, 10:40:34.262 PM",felix-win10,ConnectionFailed,10.0.0.121,53305,REDACTED IP,443,svchost.exe,1
"4/2/2025, 10:40:34.336 PM",felix-win10,ConnectionFailed,10.0.0.121,53306,REDACTED IP,443,svchost.exe,1
"4/2/2025, 10:40:34.427 PM",felix-win10,ConnectionFailed,10.0.0.121,53307,REDACTED IP,443,svchost.exe,1
"4/2/2025, 10:40:37.265 PM",felix-win10,ConnectionFailed,10.0.0.121,53319,REDACTED IP,443,svchost.exe,1
"4/2/2025, 10:40:49.508 PM",felix-win10,ConnectionFailed,10.0.0.121,53337,REDACTED IP,80,svchost.exe,1
"4/2/2025, 10:40:52.814 PM",felix-win10,ConnectionFailed,10.0.0.121,53344,REDACTED IP,443,mousocoreworker.exe,1
"4/2/2025, 10:41:01.402 PM",felix-win10,ConnectionFailed,10.0.0.121,53367,REDACTED IP,443,svchost.exe,1
"4/2/2025, 10:41:14.286 PM",felix-win10,ConnectionFailed,10.0.0.121,53431,REDACTED IP,443,svchost.exe,1
"4/2/2025, 10:41:17.155 PM",felix-win10,ConnectionFailed,10.0.0.121,53452,REDACTED IP,443,svchost.exe,1
"4/2/2025, 10:42:09.937 PM",felix-win10,ConnectionFailed,10.0.0.121,53531,REDACTED IP,80,svchost.exe,1
"4/2/2025, 10:42:09.937 PM",felix-win10,ConnectionFailed,10.0.0.121,53532,REDACTED IP,80,svchost.exe,1
"4/2/2025, 10:42:28.152 PM",felix-win10,ConnectionFailed,10.0.0.121,53546,REDACTED IP,80,svchost.exe,1
"4/2/2025, 10:42:28.152 PM",felix-win10,ConnectionFailed,10.0.0.121,53547,REDACTED IP,80,svchost.exe,1
"4/2/2025, 10:42:40.303 PM",felix-win10,ConnectionFailed,10.0.0.121,53555,REDACTED IP,443,svchost.exe,1
"4/2/2025, 10:43:34.723 PM",felix-win10,ConnectionFailed,10.0.0.121,53582,REDACTED IP,80,svchost.exe,1
"4/2/2025, 10:43:34.723 PM",felix-win10,ConnectionFailed,10.0.0.121,53583,REDACTED IP,80,svchost.exe,1
"4/2/2025, 10:43:34.723 PM",felix-win10,ConnectionFailed,10.0.0.121,53584,REDACTED IP,80,svchost.exe,1
"4/2/2025, 10:43:34.724 PM",felix-win10,ConnectionFailed,10.0.0.121,53585,REDACTED IP,80,svchost.exe,1
"4/2/2025, 10:54:20.338 PM",felix-win10,ConnectionFailed,10.0.0.121,53913,REDACTED IP,443,svchost.exe,1
"4/2/2025, 10:58:07.910 PM",felix-win10,ConnectionFailed,10.0.0.121,54023,REDACTED IP,443,backgroundtaskhost.exe,1
"4/2/2025, 10:58:08.102 PM",felix-win10,ConnectionFailed,10.0.0.121,54024,REDACTED IP,443,backgroundtaskhost.exe,1
"4/2/2025, 11:00:26.442 PM",felix-win10,ConnectionFailed,10.0.0.121,54097,REDACTED IP,443,svchost.exe,1
"4/2/2025, 11:03:36.376 PM",felix-win10,ConnectionFailed,10.0.0.121,54189,REDACTED IP,80,svchost.exe,1
"4/2/2025, 11:03:36.376 PM",felix-win10,ConnectionFailed,10.0.0.121,54190,REDACTED IP,80,svchost.exe,1
"4/2/2025, 11:07:36.493 PM",felix-win10,ConnectionFailed,10.0.0.121,54477,REDACTED IP,80,svchost.exe,1
"4/2/2025, 11:07:36.493 PM",felix-win10,ConnectionFailed,10.0.0.121,54478,REDACTED IP,80,svchost.exe,1
"4/2/2025, 11:09:20.442 PM",felix-win10,ConnectionFailed,10.0.0.121,54595,REDACTED IP,443,svchost.exe,1
"4/2/2025, 11:12:29.066 PM",felix-win10,ConnectionFailed,10.0.0.121,54697,REDACTED IP,80,svchost.exe,1
"4/2/2025, 11:12:29.066 PM",felix-win10,ConnectionFailed,10.0.0.121,54698,REDACTED IP,80,svchost.exe,1
"4/2/2025, 11:15:26.555 PM",felix-win10,ConnectionFailed,10.0.0.121,54788,REDACTED IP,443,svchost.exe,1
"4/2/2025, 11:16:12.499 PM",felix-win10,ConnectionFailed,10.0.0.121,54808,REDACTED IP,80,svchost.exe,1
"4/2/2025, 11:16:12.499 PM",felix-win10,ConnectionFailed,10.0.0.121,54809,REDACTED IP,80,svchost.exe,1
"4/2/2025, 11:16:12.499 PM",felix-win10,ConnectionFailed,10.0.0.121,54810,REDACTED IP,80,svchost.exe,1
"4/2/2025, 11:19:37.469 PM",felix-win10,ConnectionFailed,10.0.0.121,54911,REDACTED IP,80,svchost.exe,1
"4/2/2025, 11:20:47.206 PM",felix-win10,ConnectionFailed,10.0.0.121,54951,REDACTED IP,443,backgroundtaskhost.exe,1
"4/2/2025, 11:28:07.875 PM",felix-win10,ConnectionFailed,10.0.0.121,55168,REDACTED IP,443,backgroundtaskhost.exe,1
"4/2/2025, 11:28:07.875 PM",felix-win10,ConnectionFailed,10.0.0.121,55169,REDACTED IP,443,backgroundtaskhost.exe,1
"4/2/2025, 11:30:26.691 PM",felix-win10,ConnectionFailed,10.0.0.121,55244,REDACTED IP,443,svchost.exe,1
"4/2/2025, 11:39:39.297 PM",felix-win10,ConnectionFailed,10.0.0.121,55504,REDACTED IP,80,svchost.exe,1
"4/2/2025, 11:39:39.297 PM",felix-win10,ConnectionFailed,10.0.0.121,55505,REDACTED IP,80,svchost.exe,1
"4/2/2025, 11:45:26.840 PM",felix-win10,ConnectionFailed,10.0.0.121,55675,REDACTED IP,443,svchost.exe,1
"4/2/2025, 11:54:20.813 PM",felix-win10,ConnectionFailed,10.0.0.121,55929,REDACTED IP,443,svchost.exe,1
"4/2/2025, 11:58:08.390 PM",felix-win10,ConnectionFailed,10.0.0.121,56040,REDACTED IP,443,backgroundtaskhost.exe,1
"4/3/2025, 12:00:26.966 AM",felix-win10,ConnectionFailed,10.0.0.121,56116,REDACTED IP,443,svchost.exe,1
"4/3/2025, 12:03:41.284 AM",felix-win10,ConnectionFailed,10.0.0.121,56204,REDACTED IP,80,svchost.exe,1
"4/3/2025, 12:03:41.285 AM",felix-win10,ConnectionFailed,10.0.0.121,56205,REDACTED IP,80,svchost.exe,1
"4/3/2025, 12:08:32.464 AM",felix-win10,ConnectionFailed,10.0.0.121,56368,REDACTED IP,80,svchost.exe,1
"4/3/2025, 12:08:32.464 AM",felix-win10,ConnectionFailed,10.0.0.121,56369,REDACTED IP,80,svchost.exe,1
"4/3/2025, 12:09:20.926 AM",felix-win10,ConnectionFailed,10.0.0.121,56417,REDACTED IP,443,svchost.exe,1
"4/3/2025, 12:24:21.060 AM",felix-win10,ConnectionFailed,10.0.0.121,57083,REDACTED IP,443,svchost.exe,1
"4/3/2025, 12:30:27.182 AM",felix-win10,ConnectionFailed,10.0.0.121,57274,REDACTED IP,443,svchost.exe,1
"4/3/2025, 12:31:42.596 AM",felix-win10,ConnectionFailed,10.0.0.121,57310,REDACTED IP,80,svchost.exe,1
"4/3/2025, 12:31:42.596 AM",felix-win10,ConnectionFailed,10.0.0.121,57311,REDACTED IP,80,svchost.exe,1
"4/3/2025, 12:39:21.300 AM",felix-win10,ConnectionFailed,10.0.0.121,57537,REDACTED IP,443,svchost.exe,1
"4/3/2025, 12:39:43.009 AM",felix-win10,ConnectionFailed,10.0.0.121,57550,REDACTED IP,80,svchost.exe,1
"4/3/2025, 12:39:43.009 AM",felix-win10,ConnectionFailed,10.0.0.121,57551,REDACTED IP,80,svchost.exe,1
"4/3/2025, 12:39:43.009 AM",felix-win10,ConnectionFailed,10.0.0.121,57552,REDACTED IP,80,svchost.exe,1
"4/3/2025, 12:40:50.093 AM",felix-win10,ConnectionFailed,10.0.0.121,57596,REDACTED IP,443,svchost.exe,1
"4/3/2025, 12:41:02.156 AM",felix-win10,ConnectionFailed,10.0.0.121,57675,REDACTED IP,443,svchost.exe,1
"4/3/2025, 12:41:20.324 AM",felix-win10,ConnectionFailed,10.0.0.121,57764,REDACTED IP,443,svchost.exe,1
"4/3/2025, 12:48:35.449 AM",felix-win10,ConnectionFailed,10.0.0.121,58010,REDACTED IP,80,svchost.exe,1
"4/3/2025, 12:52:35.709 AM",felix-win10,ConnectionFailed,10.0.0.121,58118,REDACTED IP,80,svchost.exe,1
"4/3/2025, 12:52:35.710 AM",felix-win10,ConnectionFailed,10.0.0.121,58119,REDACTED IP,80,svchost.exe,1
"4/3/2025, 12:54:21.412 AM",felix-win10,ConnectionFailed,10.0.0.121,58169,REDACTED IP,443,svchost.exe,1
"4/3/2025, 12:56:35.899 AM",felix-win10,ConnectionFailed,10.0.0.121,58236,REDACTED IP,80,svchost.exe,1
"4/3/2025, 12:56:35.899 AM",felix-win10,ConnectionFailed,10.0.0.121,58237,REDACTED IP,80,svchost.exe,1
"4/3/2025, 1:00:27.328 AM",felix-win10,ConnectionFailed,10.0.0.121,58353,REDACTED IP,443,svchost.exe,1
"4/3/2025, 1:00:36.040 AM",felix-win10,ConnectionFailed,10.0.0.121,58359,REDACTED IP,80,svchost.exe,1
"4/3/2025, 1:00:36.040 AM",felix-win10,ConnectionFailed,10.0.0.121,58360,REDACTED IP,80,svchost.exe,1
"4/3/2025, 1:03:44.872 AM",felix-win10,ConnectionFailed,10.0.0.121,58446,REDACTED IP,80,svchost.exe,1
"4/3/2025, 1:03:44.872 AM",felix-win10,ConnectionFailed,10.0.0.121,58447,REDACTED IP,80,svchost.exe,1
"4/3/2025, 1:03:44.872 AM",felix-win10,ConnectionFailed,10.0.0.121,58448,REDACTED IP,80,svchost.exe,1
"4/3/2025, 1:03:44.872 AM",felix-win10,ConnectionFailed,10.0.0.121,58449,REDACTED IP,80,svchost.exe,1
"4/3/2025, 1:03:44.872 AM",felix-win10,ConnectionFailed,10.0.0.121,58450,REDACTED IP,80,svchost.exe,1
"4/3/2025, 1:03:44.872 AM",felix-win10,ConnectionFailed,10.0.0.121,58451,REDACTED IP,80,svchost.exe,1
"4/3/2025, 1:04:36.128 AM",felix-win10,ConnectionFailed,10.0.0.121,58481,REDACTED IP,80,svchost.exe,1
"4/3/2025, 1:04:36.128 AM",felix-win10,ConnectionFailed,10.0.0.121,58482,REDACTED IP,80,svchost.exe,1
"4/3/2025, 1:07:45.281 AM",felix-win10,ConnectionFailed,10.0.0.121,58579,REDACTED IP,80,svchost.exe,1
"4/3/2025, 1:07:45.282 AM",felix-win10,ConnectionFailed,10.0.0.121,58580,REDACTED IP,80,svchost.exe,1
"4/3/2025, 1:08:36.627 AM",felix-win10,ConnectionFailed,10.0.0.121,58612,REDACTED IP,80,svchost.exe,1
"4/3/2025, 1:09:21.543 AM",felix-win10,ConnectionFailed,10.0.0.121,58637,REDACTED IP,443,svchost.exe,1
"4/3/2025, 1:11:45.737 AM",felix-win10,ConnectionFailed,10.0.0.121,58712,REDACTED IP,80,svchost.exe,1
"4/3/2025, 1:11:45.737 AM",felix-win10,ConnectionFailed,10.0.0.121,58713,REDACTED IP,80,svchost.exe,1
"4/3/2025, 1:12:20.564 AM",felix-win10,ConnectionFailed,10.0.0.121,58735,REDACTED IP,443,taskhostw.exe,1
"4/3/2025, 1:15:27.458 AM",felix-win10,ConnectionFailed,10.0.0.121,58881,REDACTED IP,443,svchost.exe,1
"4/3/2025, 1:15:46.208 AM",felix-win10,ConnectionFailed,10.0.0.121,58905,REDACTED IP,80,svchost.exe,1
"4/3/2025, 1:15:46.208 AM",felix-win10,ConnectionFailed,10.0.0.121,58907,REDACTED IP,80,svchost.exe,1
"4/3/2025, 1:15:46.208 AM",felix-win10,ConnectionFailed,10.0.0.121,58909,REDACTED IP,80,svchost.exe,1
"4/3/2025, 1:23:46.735 AM",felix-win10,ConnectionFailed,10.0.0.121,59292,REDACTED IP,80,svchost.exe,1
"4/3/2025, 1:23:46.735 AM",felix-win10,ConnectionFailed,10.0.0.121,59293,REDACTED IP,80,svchost.exe,1
"4/3/2025, 1:24:21.658 AM",felix-win10,ConnectionFailed,10.0.0.121,59311,REDACTED IP,443,svchost.exe,1
"4/3/2025, 1:29:48.720 AM",felix-win10,ConnectionFailed,10.0.0.121,59462,REDACTED IP,80,msedge.exe,1
"4/3/2025, 1:29:48.720 AM",felix-win10,ConnectionFailed,10.0.0.121,59463,REDACTED IP,80,msedge.exe,1
"4/3/2025, 1:39:21.790 AM",felix-win10,ConnectionFailed,10.0.0.121,59745,REDACTED IP,443,svchost.exe,1
"4/3/2025, 1:41:36.080 AM",felix-win10,ConnectionFailed,10.0.0.121,59813,REDACTED IP,80,svchost.exe,1
"4/3/2025, 1:45:27.687 AM",felix-win10,ConnectionFailed,10.0.0.121,59918,REDACTED IP,443,svchost.exe,1
"4/3/2025, 1:45:36.189 AM",felix-win10,ConnectionFailed,10.0.0.121,59920,REDACTED IP,80,svchost.exe,1
"4/3/2025, 1:47:45.733 AM",felix-win10,ConnectionFailed,10.0.0.121,59984,REDACTED IP,443,svchost.exe,1
"4/3/2025, 1:48:57.385 AM",felix-win10,ConnectionFailed,10.0.0.121,60020,REDACTED IP,443,taskhostw.exe,1
"4/3/2025, 1:54:21.955 AM",felix-win10,ConnectionFailed,10.0.0.121,60197,REDACTED IP,443,svchost.exe,1
"4/3/2025, 2:00:27.789 AM",felix-win10,ConnectionFailed,10.0.0.121,60365,REDACTED IP,443,svchost.exe,1
"4/3/2025, 2:02:45.892 AM",felix-win10,ConnectionFailed,10.0.0.121,60430,REDACTED IP,443,svchost.exe,1
"4/3/2025, 2:06:16.732 AM",felix-win10,ConnectionFailed,10.0.0.121,60532,REDACTED IP,80,svchost.exe,1
"4/3/2025, 2:10:48.627 AM",felix-win10,ConnectionFailed,10.0.0.121,60690,REDACTED IP,443,taskhostw.exe,1
"4/3/2025, 2:15:27.913 AM",felix-win10,ConnectionFailed,10.0.0.121,60845,REDACTED IP,443,svchost.exe,1
"4/3/2025, 2:24:22.230 AM",felix-win10,ConnectionFailed,10.0.0.121,61312,REDACTED IP,443,svchost.exe,1
"4/3/2025, 2:26:08.391 AM",felix-win10,ConnectionFailed,10.0.0.121,61369,REDACTED IP,443,backgroundtaskhost.exe,1
"4/3/2025, 2:26:08.391 AM",felix-win10,ConnectionFailed,10.0.0.121,61370,REDACTED IP,443,backgroundtaskhost.exe,1
"4/3/2025, 2:26:08.391 AM",felix-win10,ConnectionFailed,10.0.0.121,61371,REDACTED IP,443,backgroundtaskhost.exe,1
"4/3/2025, 2:26:08.391 AM",felix-win10,ConnectionFailed,10.0.0.121,61372,REDACTED IP,443,backgroundtaskhost.exe,1
"4/3/2025, 2:26:08.392 AM",felix-win10,ConnectionFailed,10.0.0.121,61373,REDACTED IP,443,backgroundtaskhost.exe,1
"4/3/2025, 2:30:28.011 AM",felix-win10,ConnectionFailed,10.0.0.121,61493,REDACTED IP,443,svchost.exe,1
"4/3/2025, 2:32:46.215 AM",felix-win10,ConnectionFailed,10.0.0.121,61552,REDACTED IP,443,svchost.exe,1
"4/3/2025, 2:39:49.011 AM",felix-win10,ConnectionFailed,10.0.0.121,61754,REDACTED IP,443,msedge.exe,1
"4/3/2025, 2:41:02.139 AM",felix-win10,ConnectionFailed,10.0.0.121,61788,REDACTED IP,443,svchost.exe,1
"4/3/2025, 2:41:09.162 AM",felix-win10,ConnectionFailed,10.0.0.121,61970,REDACTED IP,443,svchost.exe,1
"4/3/2025, 2:41:13.287 AM",felix-win10,ConnectionFailed,10.0.0.121,62004,REDACTED IP,443,wermgr.exe,1
"4/3/2025, 2:41:14.173 AM",felix-win10,ConnectionFailed,10.0.0.121,62010,REDACTED IP,443,svchost.exe,1
"4/3/2025, 2:41:14.272 AM",felix-win10,ConnectionFailed,10.0.0.121,62013,REDACTED IP,443,svchost.exe,1
"4/3/2025, 2:42:14.486 AM",felix-win10,ConnectionFailed,10.0.0.121,62176,REDACTED IP,443,taskhostw.exe,1
"4/3/2025, 2:46:17.696 AM",felix-win10,ConnectionFailed,10.0.0.121,62288,REDACTED IP,80,svchost.exe,1
"4/3/2025, 2:47:27.494 AM",felix-win10,ConnectionFailed,10.0.0.121,62323,REDACTED IP,443,taskhostw.exe,1
"4/3/2025, 2:47:46.380 AM",felix-win10,ConnectionFailed,10.0.0.121,62332,REDACTED IP,443,svchost.exe,1
"4/3/2025, 2:47:51.598 AM",felix-win10,ConnectionFailed,10.0.0.121,62337,REDACTED IP,443,powershell.exe,1
"4/3/2025, 2:54:49.097 AM",felix-win10,ConnectionFailed,10.0.0.121,62525,REDACTED IP,443,msedge.exe,1
"4/3/2025, 2:54:49.097 AM",felix-win10,ConnectionFailed,10.0.0.121,62526,REDACTED IP,443,msedge.exe,1
"4/3/2025, 2:54:49.097 AM",felix-win10,ConnectionFailed,10.0.0.121,62527,REDACTED IP,443,msedge.exe,1
"4/3/2025, 2:54:49.097 AM",felix-win10,ConnectionFailed,10.0.0.121,62528,REDACTED IP,443,msedge.exe,1
"4/3/2025, 2:54:49.098 AM",felix-win10,ConnectionFailed,10.0.0.121,62529,REDACTED IP,443,msedge.exe,1
"4/3/2025, 2:54:49.098 AM",felix-win10,ConnectionFailed,10.0.0.121,62530,REDACTED IP,443,msedge.exe,1
"4/3/2025, 2:54:49.098 AM",felix-win10,ConnectionFailed,10.0.0.121,62531,REDACTED IP,443,msedge.exe,1
"4/3/2025, 2:54:49.098 AM",felix-win10,ConnectionFailed,10.0.0.121,62532,REDACTED IP,443,msedge.exe,1
"4/3/2025, 2:57:14.237 AM",felix-win10,ConnectionFailed,10.0.0.121,62600,REDACTED IP,80,svchost.exe,1
"4/3/2025, 3:01:14.620 AM",felix-win10,ConnectionFailed,10.0.0.121,62716,REDACTED IP,80,svchost.exe,1
"4/3/2025, 3:02:46.539 AM",felix-win10,ConnectionFailed,10.0.0.121,62757,REDACTED IP,443,svchost.exe,1
"4/3/2025, 3:09:22.613 AM",felix-win10,ConnectionFailed,10.0.0.121,62952,REDACTED IP,443,svchost.exe,1
"4/3/2025, 3:11:56.673 AM",felix-win10,ConnectionFailed,10.0.0.121,63033,REDACTED IP,443,taskhostw.exe,1
"4/3/2025, 3:17:46.701 AM",felix-win10,ConnectionFailed,10.0.0.121,63208,REDACTED IP,443,svchost.exe,1
"4/3/2025, 3:24:22.740 AM",felix-win10,ConnectionFailed,10.0.0.121,63386,REDACTED IP,443,svchost.exe,1
"4/3/2025, 3:39:22.901 AM",felix-win10,ConnectionFailed,10.0.0.121,63814,REDACTED IP,443,svchost.exe,1
"4/3/2025, 3:43:09.318 AM",felix-win10,ConnectionFailed,10.0.0.121,63919,REDACTED IP,443,backgroundtaskhost.exe,1
"4/3/2025, 3:44:46.274 AM",felix-win10,ConnectionFailed,10.0.0.121,63963,REDACTED IP,443,msedge.exe,1
"4/3/2025, 3:44:46.276 AM",felix-win10,ConnectionFailed,10.0.0.121,63964,REDACTED IP,443,msedge.exe,1
"4/3/2025, 3:44:46.277 AM",felix-win10,ConnectionFailed,10.0.0.121,63965,REDACTED IP,443,msedge.exe,1
"4/3/2025, 3:44:46.277 AM",felix-win10,ConnectionFailed,10.0.0.121,63966,REDACTED IP,443,msedge.exe,1
"4/3/2025, 3:44:46.277 AM",felix-win10,ConnectionFailed,10.0.0.121,63967,REDACTED IP,443,msedge.exe,1
"4/3/2025, 3:44:46.277 AM",felix-win10,ConnectionFailed,10.0.0.121,63968,REDACTED IP,443,msedge.exe,1
"4/3/2025, 3:44:46.277 AM",felix-win10,ConnectionFailed,10.0.0.121,63969,REDACTED IP,443,msedge.exe,1
"4/3/2025, 3:44:46.277 AM",felix-win10,ConnectionFailed,10.0.0.121,63970,REDACTED IP,443,msedge.exe,1
"4/3/2025, 3:45:21.534 AM",felix-win10,ConnectionFailed,10.0.0.121,63991,REDACTED IP,443,taskhostw.exe,1
"4/3/2025, 3:47:47.034 AM",felix-win10,ConnectionFailed,10.0.0.121,64054,REDACTED IP,443,svchost.exe,1
"4/3/2025, 3:54:23.009 AM",felix-win10,ConnectionFailed,10.0.0.121,64231,REDACTED IP,443,svchost.exe,1
"4/3/2025, 4:00:28.665 AM",felix-win10,ConnectionFailed,10.0.0.121,64451,REDACTED IP,443,svchost.exe,1
"4/3/2025, 4:02:47.202 AM",felix-win10,ConnectionFailed,10.0.0.121,64590,REDACTED IP,443,svchost.exe,1
"4/3/2025, 4:15:28.775 AM",felix-win10,ConnectionFailed,10.0.0.121,65021,REDACTED IP,443,svchost.exe,1
"4/3/2025, 4:17:47.371 AM",felix-win10,ConnectionFailed,10.0.0.121,65087,REDACTED IP,443,svchost.exe,1
"4/3/2025, 4:18:10.312 AM",felix-win10,ConnectionFailed,10.0.0.121,65098,REDACTED IP,443,compattelrunner.exe,1
"4/3/2025, 4:18:25.043 AM",felix-win10,ConnectionFailed,10.0.0.121,65108,REDACTED IP,80,svchost.exe,1
"4/3/2025, 4:18:25.043 AM",felix-win10,ConnectionFailed,10.0.0.121,65109,REDACTED IP,80,svchost.exe,1
"4/3/2025, 4:19:45.306 AM",felix-win10,ConnectionFailed,10.0.0.121,65209,REDACTED IP,443,compattelrunner.exe,1
"4/3/2025, 4:19:55.354 AM",felix-win10,ConnectionFailed,10.0.0.121,65221,REDACTED IP,443,compattelrunner.exe,1
"4/3/2025, 4:19:56.700 AM",felix-win10,ConnectionFailed,10.0.0.121,65224,REDACTED IP,443,taskhostw.exe,1
"4/3/2025, 4:24:23.266 AM",felix-win10,ConnectionFailed,10.0.0.121,65347,REDACTED IP,443,svchost.exe,1
"4/3/2025, 4:30:28.872 AM",felix-win10,ConnectionFailed,10.0.0.121,49153,REDACTED IP,443,svchost.exe,1
"4/3/2025, 4:35:09.565 AM",felix-win10,ConnectionFailed,10.0.0.121,49291,REDACTED IP,443,taskhostw.exe,1
"4/3/2025, 4:41:15.232 AM",felix-win10,ConnectionFailed,10.0.0.121,49451,REDACTED IP,80,svchost.exe,1
"4/3/2025, 4:41:15.232 AM",felix-win10,ConnectionFailed,10.0.0.121,49452,REDACTED IP,80,svchost.exe,1
"4/3/2025, 4:41:34.588 AM",felix-win10,ConnectionFailed,10.0.0.121,49532,REDACTED IP,443,svchost.exe,1
"4/3/2025, 4:45:25.016 AM",felix-win10,ConnectionFailed,10.0.0.121,50005,REDACTED IP,80,svchost.exe,1
"4/3/2025, 4:45:25.016 AM",felix-win10,ConnectionFailed,10.0.0.121,50006,REDACTED IP,80,svchost.exe,1
"4/3/2025, 4:47:47.725 AM",felix-win10,ConnectionFailed,10.0.0.121,50072,REDACTED IP,443,svchost.exe,1
"4/3/2025, 4:49:46.567 AM",felix-win10,ConnectionFailed,10.0.0.121,50125,REDACTED IP,443,msedge.exe,1
"4/3/2025, 4:49:46.567 AM",felix-win10,ConnectionFailed,10.0.0.121,50126,REDACTED IP,443,msedge.exe,1
"4/3/2025, 4:49:46.567 AM",felix-win10,ConnectionFailed,10.0.0.121,50127,REDACTED IP,443,msedge.exe,1
"4/3/2025, 4:49:46.567 AM",felix-win10,ConnectionFailed,10.0.0.121,50128,REDACTED IP,443,msedge.exe,1
"4/3/2025, 4:49:46.567 AM",felix-win10,ConnectionFailed,10.0.0.121,50129,REDACTED IP,443,msedge.exe,1
"4/3/2025, 4:49:46.568 AM",felix-win10,ConnectionFailed,10.0.0.121,50131,REDACTED IP,443,msedge.exe,1
"4/3/2025, 4:49:46.568 AM",felix-win10,ConnectionFailed,10.0.0.121,50132,REDACTED IP,443,msedge.exe,1
"4/3/2025, 4:53:04.546 AM",felix-win10,ConnectionFailed,10.0.0.121,50219,REDACTED IP,443,wermgr.exe,1
"4/3/2025, 4:54:23.542 AM",felix-win10,ConnectionFailed,10.0.0.121,50261,REDACTED IP,443,svchost.exe,1
"4/3/2025, 4:56:56.198 AM",felix-win10,ConnectionFailed,10.0.0.121,50329,REDACTED IP,443,taskhostw.exe,1
"4/3/2025, 5:00:29.024 AM",felix-win10,ConnectionFailed,10.0.0.121,50437,REDACTED IP,443,svchost.exe,1
"4/3/2025, 5:06:21.418 AM",felix-win10,ConnectionFailed,10.0.0.121,50670,REDACTED IP,80,svchost.exe,1
"4/3/2025, 5:06:21.418 AM",felix-win10,ConnectionFailed,10.0.0.121,50671,REDACTED IP,80,svchost.exe,1
"4/3/2025, 5:09:23.672 AM",felix-win10,ConnectionFailed,10.0.0.121,50850,REDACTED IP,443,svchost.exe,1
"4/3/2025, 5:15:29.164 AM",felix-win10,ConnectionFailed,10.0.0.121,51070,REDACTED IP,443,svchost.exe,1
"4/3/2025, 5:17:48.060 AM",felix-win10,ConnectionFailed,10.0.0.121,51145,REDACTED IP,443,svchost.exe,1
"4/3/2025, 5:24:23.784 AM",felix-win10,ConnectionFailed,10.0.0.121,51317,REDACTED IP,443,svchost.exe,1
"4/3/2025, 5:28:09.016 AM",felix-win10,ConnectionFailed,10.0.0.121,51419,REDACTED IP,443,backgroundtaskhost.exe,1
"4/3/2025, 5:28:09.016 AM",felix-win10,ConnectionFailed,10.0.0.121,51420,REDACTED IP,443,backgroundtaskhost.exe,1
"4/3/2025, 5:28:09.016 AM",felix-win10,ConnectionFailed,10.0.0.121,51421,REDACTED IP,443,backgroundtaskhost.exe,1
"4/3/2025, 5:28:09.016 AM",felix-win10,ConnectionFailed,10.0.0.121,51422,REDACTED IP,443,backgroundtaskhost.exe,1
"4/3/2025, 5:28:09.016 AM",felix-win10,ConnectionFailed,10.0.0.121,51423,REDACTED IP,443,backgroundtaskhost.exe,1
"4/3/2025, 5:39:24.037 AM",felix-win10,ConnectionFailed,10.0.0.121,51742,REDACTED IP,443,svchost.exe,1
"4/3/2025, 5:42:03.358 AM",felix-win10,ConnectionFailed,10.0.0.121,51814,REDACTED IP,443,svchost.exe,1
"4/3/2025, 5:54:24.166 AM",felix-win10,ConnectionFailed,10.0.0.121,52128,REDACTED IP,443,svchost.exe,1
"4/3/2025, 6:09:24.284 AM",felix-win10,ConnectionFailed,10.0.0.121,52506,REDACTED IP,443,svchost.exe,1
"4/3/2025, 6:15:29.570 AM",felix-win10,ConnectionFailed,10.0.0.121,52785,REDACTED IP,443,svchost.exe,1
"4/3/2025, 6:17:48.744 AM",felix-win10,ConnectionFailed,10.0.0.121,52861,REDACTED IP,443,svchost.exe,1
"4/3/2025, 6:24:24.397 AM",felix-win10,ConnectionFailed,10.0.0.121,53019,REDACTED IP,443,svchost.exe,1
"4/3/2025, 6:30:29.675 AM",felix-win10,ConnectionFailed,10.0.0.121,53220,REDACTED IP,443,svchost.exe,1
"4/3/2025, 6:34:47.042 AM",felix-win10,ConnectionFailed,10.0.0.121,53341,REDACTED IP,443,msedge.exe,1
"4/3/2025, 6:34:47.042 AM",felix-win10,ConnectionFailed,10.0.0.121,53342,REDACTED IP,443,msedge.exe,1
"4/3/2025, 6:34:47.043 AM",felix-win10,ConnectionFailed,10.0.0.121,53343,REDACTED IP,443,msedge.exe,1
"4/3/2025, 6:42:03.154 AM",felix-win10,ConnectionFailed,10.0.0.121,53608,REDACTED IP,443,svchost.exe,1
"4/3/2025, 6:42:39.764 AM",felix-win10,ConnectionFailed,10.0.0.121,53797,REDACTED IP,443,svchost.exe,1
"4/3/2025, 6:54:24.619 AM",felix-win10,ConnectionFailed,10.0.0.121,54089,REDACTED IP,443,svchost.exe,1
"4/3/2025, 7:00:29.837 AM",felix-win10,ConnectionFailed,10.0.0.121,54249,REDACTED IP,443,svchost.exe,1
"4/3/2025, 7:01:16.411 AM",felix-win10,ConnectionFailed,10.0.0.121,54270,REDACTED IP,443,microsoftedgeupdate.exe,1
"4/3/2025, 7:01:27.394 AM",felix-win10,ConnectionFailed,10.0.0.121,54278,REDACTED IP,443,microsoftedgeupdate.exe,1
"4/3/2025, 7:09:24.763 AM",felix-win10,ConnectionFailed,10.0.0.121,54482,REDACTED IP,443,svchost.exe,1
"4/3/2025, 7:15:29.972 AM",felix-win10,ConnectionFailed,10.0.0.121,54675,REDACTED IP,443,svchost.exe,1
"4/3/2025, 7:24:47.286 AM",felix-win10,ConnectionFailed,10.0.0.121,55008,REDACTED IP,443,msedge.exe,1
"4/3/2025, 7:24:47.287 AM",felix-win10,ConnectionFailed,10.0.0.121,55009,REDACTED IP,443,msedge.exe,1
"4/3/2025, 7:24:47.287 AM",felix-win10,ConnectionFailed,10.0.0.121,55010,REDACTED IP,443,msedge.exe,1
"4/3/2025, 7:24:47.287 AM",felix-win10,ConnectionFailed,10.0.0.121,55011,REDACTED IP,443,msedge.exe,1
"4/3/2025, 7:39:19.486 AM",felix-win10,ConnectionFailed,10.0.0.121,55366,REDACTED IP,443,microsoftedgeupdate.exe,1
"4/3/2025, 7:44:47.386 AM",felix-win10,ConnectionFailed,10.0.0.121,55507,REDACTED IP,443,msedge.exe,1
"4/3/2025, 7:44:47.386 AM",felix-win10,ConnectionFailed,10.0.0.121,55509,REDACTED IP,443,msedge.exe,1
"4/3/2025, 7:44:47.386 AM",felix-win10,ConnectionFailed,10.0.0.121,55510,REDACTED IP,443,msedge.exe,1
"4/3/2025, 7:44:47.386 AM",felix-win10,ConnectionFailed,10.0.0.121,55511,REDACTED IP,443,msedge.exe,1
"4/3/2025, 7:44:47.386 AM",felix-win10,ConnectionFailed,10.0.0.121,55512,REDACTED IP,443,msedge.exe,1
"4/3/2025, 7:44:47.387 AM",felix-win10,ConnectionFailed,10.0.0.121,55513,REDACTED IP,443,msedge.exe,1
"4/3/2025, 7:44:47.387 AM",felix-win10,ConnectionFailed,10.0.0.121,55514,REDACTED IP,443,msedge.exe,1
"4/3/2025, 7:45:30.251 AM",felix-win10,ConnectionFailed,10.0.0.121,55535,REDACTED IP,443,svchost.exe,1
"4/3/2025, 7:54:47.443 AM",felix-win10,ConnectionFailed,10.0.0.121,55756,REDACTED IP,443,msedge.exe,1
"4/3/2025, 7:54:47.444 AM",felix-win10,ConnectionFailed,10.0.0.121,55759,REDACTED IP,443,msedge.exe,1
"4/4/2025, 4:42:29.226 PM",felix-win10,ConnectionFailed,10.0.0.121,54807,REDACTED IP,22,powershell.exe,1
"4/4/2025, 4:42:31.363 PM",felix-win10,ConnectionFailed,10.0.0.121,54815,REDACTED IP,23,powershell.exe,1
"4/4/2025, 4:42:33.507 PM",felix-win10,ConnectionFailed,10.0.0.121,54821,REDACTED IP,25,powershell.exe,1
"4/4/2025, 4:42:35.913 PM",felix-win10,ConnectionFailed,10.0.0.121,54822,REDACTED IP,53,powershell.exe,1
"4/4/2025, 4:42:38.189 PM",felix-win10,ConnectionFailed,10.0.0.121,54823,REDACTED IP,69,powershell.exe,1
"4/4/2025, 4:42:40.423 PM",felix-win10,ConnectionFailed,10.0.0.121,54824,REDACTED IP,80,powershell.exe,1
"4/4/2025, 4:42:42.795 PM",felix-win10,ConnectionFailed,10.0.0.121,54826,REDACTED IP,110,powershell.exe,1
"4/4/2025, 4:42:45.255 PM",felix-win10,ConnectionFailed,10.0.0.121,54827,REDACTED IP,123,powershell.exe,1
"4/4/2025, 4:43:06.392 PM",felix-win10,ConnectionFailed,10.0.0.121,54828,REDACTED IP,135,powershell.exe,1
"4/4/2025, 4:43:08.561 PM",felix-win10,ConnectionFailed,10.0.0.121,54840,REDACTED IP,137,powershell.exe,1
"4/4/2025, 4:43:10.708 PM",felix-win10,ConnectionFailed,10.0.0.121,54841,REDACTED IP,138,powershell.exe,1
"4/4/2025, 4:43:31.824 PM",felix-win10,ConnectionFailed,10.0.0.121,54843,REDACTED IP,139,powershell.exe,1
"4/4/2025, 4:43:33.967 PM",felix-win10,ConnectionFailed,10.0.0.121,54856,REDACTED IP,143,powershell.exe,1
"4/4/2025, 4:43:36.311 PM",felix-win10,ConnectionFailed,10.0.0.121,54857,REDACTED IP,161,powershell.exe,1
"4/4/2025, 4:43:38.493 PM",felix-win10,ConnectionFailed,10.0.0.121,54858,REDACTED IP,194,powershell.exe,1
"4/4/2025, 4:43:40.663 PM",felix-win10,ConnectionFailed,10.0.0.121,54859,REDACTED IP,443,powershell.exe,1
"4/4/2025, 4:44:01.780 PM",felix-win10,ConnectionFailed,10.0.0.121,54862,REDACTED IP,445,powershell.exe,1
"4/4/2025, 4:44:03.940 PM",felix-win10,ConnectionFailed,10.0.0.121,54874,REDACTED IP,465,powershell.exe,1
"4/4/2025, 4:44:06.077 PM",felix-win10,ConnectionFailed,10.0.0.121,54875,REDACTED IP,587,powershell.exe,1
"4/4/2025, 4:44:08.235 PM",felix-win10,ConnectionFailed,10.0.0.121,54876,REDACTED IP,993,powershell.exe,1
"4/4/2025, 4:44:10.384 PM",felix-win10,ConnectionFailed,10.0.0.121,54881,REDACTED IP,995,powershell.exe,1
"4/4/2025, 4:44:12.661 PM",felix-win10,ConnectionFailed,10.0.0.121,54883,REDACTED IP,3306,powershell.exe,1
"4/4/2025, 4:44:33.779 PM",felix-win10,ConnectionFailed,10.0.0.121,54884,REDACTED IP,3389,powershell.exe,1
"4/4/2025, 4:44:35.937 PM",felix-win10,ConnectionFailed,10.0.0.121,54896,REDACTED IP,5900,powershell.exe,1
"4/4/2025, 4:44:38.093 PM",felix-win10,ConnectionFailed,10.0.0.121,54897,REDACTED IP,8080,powershell.exe,1
"4/4/2025, 4:44:40.252 PM",felix-win10,ConnectionFailed,10.0.0.121,54898,REDACTED IP,8443,powershell.exe,1
"4/4/2025, 8:55:58.962 PM",felix-win10,ConnectionFailed,10.0.0.121,61963,REDACTED IP,80,svchost.exe,1
"4/4/2025, 8:55:58.962 PM",felix-win10,ConnectionFailed,10.0.0.121,61964,REDACTED IP,80,svchost.exe,1
"4/4/2025, 8:56:59.000 PM",felix-win10,ConnectionFailed,10.0.0.121,61992,REDACTED IP,80,svchost.exe,1
"4/3/2025, 6:32:30.382 PM",felix-win10,ConnectionFailed,10.0.0.121,49744,REDACTED IP,80,senseimdscollector.exe,1
"4/3/2025, 8:37:57.526 PM",felix-win10,ConnectionFailed,10.0.0.121,53408,REDACTED IP,80,powershell.exe,1
"4/3/2025, 8:39:20.178 PM",felix-win10,ConnectionFailed,10.0.0.121,53470,REDACTED IP,21,powershell.exe,1
"4/3/2025, 8:39:41.790 PM",felix-win10,ConnectionFailed,10.0.0.121,53471,REDACTED IP,22,powershell.exe,1
"4/3/2025, 8:39:44.042 PM",felix-win10,ConnectionFailed,10.0.0.121,53491,REDACTED IP,23,powershell.exe,1
"4/3/2025, 8:39:45.058 PM",felix-win10,ConnectionFailed,10.0.0.121,53472,REDACTED IP,443,powershell.exe,1
"4/3/2025, 8:39:46.456 PM",felix-win10,ConnectionFailed,10.0.0.121,53493,REDACTED IP,25,powershell.exe,1
"4/3/2025, 8:39:48.964 PM",felix-win10,ConnectionFailed,10.0.0.121,53494,REDACTED IP,53,powershell.exe,1
"4/3/2025, 8:39:51.131 PM",felix-win10,ConnectionFailed,10.0.0.121,53495,REDACTED IP,69,powershell.exe,1
"4/3/2025, 8:39:53.317 PM",felix-win10,ConnectionFailed,10.0.0.121,53496,REDACTED IP,80,powershell.exe,1
"4/3/2025, 8:39:55.538 PM",felix-win10,ConnectionFailed,10.0.0.121,53497,REDACTED IP,110,powershell.exe,1
"4/3/2025, 8:39:57.721 PM",felix-win10,ConnectionFailed,10.0.0.121,53503,REDACTED IP,123,powershell.exe,1
"4/3/2025, 8:40:18.876 PM",felix-win10,ConnectionFailed,10.0.0.121,53504,REDACTED IP,135,powershell.exe,1
"4/3/2025, 8:40:21.062 PM",felix-win10,ConnectionFailed,10.0.0.121,53522,REDACTED IP,137,powershell.exe,1
"4/3/2025, 8:40:23.175 PM",felix-win10,ConnectionFailed,10.0.0.121,53523,REDACTED IP,138,powershell.exe,1
"4/3/2025, 8:40:44.335 PM",felix-win10,ConnectionFailed,10.0.0.121,53524,REDACTED IP,139,powershell.exe,1
"4/3/2025, 8:40:46.496 PM",felix-win10,ConnectionFailed,10.0.0.121,53537,REDACTED IP,143,powershell.exe,1
"4/3/2025, 8:40:48.884 PM",felix-win10,ConnectionFailed,10.0.0.121,53538,REDACTED IP,161,powershell.exe,1
"4/3/2025, 8:40:51.087 PM",felix-win10,ConnectionFailed,10.0.0.121,53540,REDACTED IP,194,powershell.exe,1
"4/3/2025, 8:40:53.336 PM",felix-win10,ConnectionFailed,10.0.0.121,53541,REDACTED IP,443,powershell.exe,1
"4/3/2025, 8:41:14.486 PM",felix-win10,ConnectionFailed,10.0.0.121,53542,REDACTED IP,445,powershell.exe,1
"4/3/2025, 8:41:16.628 PM",felix-win10,ConnectionFailed,10.0.0.121,53562,REDACTED IP,465,powershell.exe,1
"4/3/2025, 8:41:18.799 PM",felix-win10,ConnectionFailed,10.0.0.121,53563,REDACTED IP,587,powershell.exe,1
"4/3/2025, 8:41:20.961 PM",felix-win10,ConnectionFailed,10.0.0.121,53564,REDACTED IP,993,powershell.exe,1
"4/3/2025, 8:41:23.135 PM",felix-win10,ConnectionFailed,10.0.0.121,53565,REDACTED IP,995,powershell.exe,1
"4/3/2025, 8:41:25.312 PM",felix-win10,ConnectionFailed,10.0.0.121,53566,REDACTED IP,3306,powershell.exe,1
"4/3/2025, 8:41:46.580 PM",felix-win10,ConnectionFailed,10.0.0.121,53567,REDACTED IP,3389,powershell.exe,1
"4/3/2025, 8:41:51.174 PM",felix-win10,ConnectionFailed,10.0.0.121,53601,REDACTED IP,5900,powershell.exe,1
"4/3/2025, 8:41:53.347 PM",felix-win10,ConnectionFailed,10.0.0.121,53602,REDACTED IP,8080,powershell.exe,1
"4/3/2025, 8:41:55.565 PM",felix-win10,ConnectionFailed,10.0.0.121,53603,REDACTED IP,8443,powershell.exe,1
"4/4/2025, 4:39:55.102 AM",felix-win10,ConnectionFailed,10.0.0.121,52547,REDACTED IP,21,powershell.exe,1
"4/4/2025, 4:40:16.266 AM",felix-win10,ConnectionFailed,10.0.0.121,52548,REDACTED IP,22,powershell.exe,1
"4/4/2025, 4:40:18.384 AM",felix-win10,ConnectionFailed,10.0.0.121,52563,REDACTED IP,23,powershell.exe,1
"4/4/2025, 4:40:20.494 AM",felix-win10,ConnectionFailed,10.0.0.121,52568,REDACTED IP,25,powershell.exe,1
"4/4/2025, 4:40:22.642 AM",felix-win10,ConnectionFailed,10.0.0.121,52569,REDACTED IP,53,powershell.exe,1
"4/4/2025, 4:40:24.767 AM",felix-win10,ConnectionFailed,10.0.0.121,52570,REDACTED IP,69,powershell.exe,1
"4/4/2025, 4:40:26.916 AM",felix-win10,ConnectionFailed,10.0.0.121,52571,REDACTED IP,80,powershell.exe,1
"4/4/2025, 4:40:29.105 AM",felix-win10,ConnectionFailed,10.0.0.121,52572,REDACTED IP,110,powershell.exe,1
"4/4/2025, 4:40:31.274 AM",felix-win10,ConnectionFailed,10.0.0.121,52573,REDACTED IP,123,powershell.exe,1
"4/4/2025, 4:40:52.404 AM",felix-win10,ConnectionFailed,10.0.0.121,52580,REDACTED IP,135,powershell.exe,1
"4/4/2025, 4:40:54.565 AM",felix-win10,ConnectionFailed,10.0.0.121,52587,REDACTED IP,137,powershell.exe,1
"4/4/2025, 4:40:56.707 AM",felix-win10,ConnectionFailed,10.0.0.121,52588,REDACTED IP,138,powershell.exe,1
"4/4/2025, 4:41:17.848 AM",felix-win10,ConnectionFailed,10.0.0.121,52589,REDACTED IP,139,powershell.exe,1
"4/4/2025, 4:41:19.996 AM",felix-win10,ConnectionFailed,10.0.0.121,52602,REDACTED IP,143,powershell.exe,1
"4/4/2025, 4:41:22.355 AM",felix-win10,ConnectionFailed,10.0.0.121,52603,REDACTED IP,161,powershell.exe,1
"4/4/2025, 4:41:24.468 AM",felix-win10,ConnectionFailed,10.0.0.121,52604,REDACTED IP,194,powershell.exe,1
"4/4/2025, 4:41:26.620 AM",felix-win10,ConnectionFailed,10.0.0.121,52605,REDACTED IP,443,powershell.exe,1
"4/4/2025, 4:41:47.745 AM",felix-win10,ConnectionFailed,10.0.0.121,52606,REDACTED IP,445,powershell.exe,1
"4/4/2025, 4:41:49.903 AM",felix-win10,ConnectionFailed,10.0.0.121,52619,REDACTED IP,465,powershell.exe,1
"4/4/2025, 4:41:52.014 AM",felix-win10,ConnectionFailed,10.0.0.121,52620,REDACTED IP,587,powershell.exe,1
"4/4/2025, 4:41:54.158 AM",felix-win10,ConnectionFailed,10.0.0.121,52621,REDACTED IP,993,powershell.exe,1
"4/4/2025, 4:41:56.312 AM",felix-win10,ConnectionFailed,10.0.0.121,52623,REDACTED IP,995,powershell.exe,1
"4/4/2025, 4:41:58.537 AM",felix-win10,ConnectionFailed,10.0.0.121,52624,REDACTED IP,3306,powershell.exe,1
"4/4/2025, 4:42:19.827 AM",felix-win10,ConnectionFailed,10.0.0.121,52625,REDACTED IP,3389,powershell.exe,1
"4/4/2025, 4:42:23.437 AM",felix-win10,ConnectionFailed,10.0.0.121,52639,REDACTED IP,5900,powershell.exe,1
"4/4/2025, 4:42:25.572 AM",felix-win10,ConnectionFailed,10.0.0.121,52640,REDACTED IP,8080,powershell.exe,1
"4/4/2025, 4:42:27.698 AM",felix-win10,ConnectionFailed,10.0.0.121,52641,REDACTED IP,8443,powershell.exe,1
